,Store,score,comment,address,phone_num,keyword_food,keyword_loc
0,강남곱창이야기 서울본점,2.8,11,서울 강남구 봉은사로1길 35,02-516-5173,육회,서울 강남
1,김천재의육회반한연어 신논현본점,3.5,32,서울 강남구 강남대로118길 47 2층,02-516-1123,육회,서울 강남
2,강남곱창이야기 신림점,4.1,25,서울 관악구 신림동길 21,02-877-5822,육회,서울 강남
3,창고43 강남점,3.3,63,서울 강남구 강남대로 362 대륭강남타워 지하1층,02-508-0043,육회,서울 강남
4,노랑저고리 강남점,3.0,26,서울 서초구 서초대로73길 9 타임빌딩 5층,02-534-5300,육회,서울 강남
5,서동한우 강남점,3.6,14,서울 서초구 서초대로74길 29 서초파라곤오피스텔 2층,02-3474-9297,육회,서울 강남
6,노란상소갈비 강남구청점,4.2,53,서울 강남구 선릉로131길 22 1층,02-543-9290,육회,서울 강남
7,고봉삼계탕 명동본점,3.2,18,"서울 중구 명동7길 21 1, 2층",02-756-2300,삼계탕,서울 명동
8,명동닭한마리 본점,4.0,53,서울 종로구 종로40가길 14,02-2266-8249,삼계탕,서울 명동
9,백제삼계탕,3.8,16,서울 중구 명동8길 8-10,02-776-3267,삼계탕,서울 명동
10,명동닭한마리 시조점,4.4,57,서울 종로구 종로40가길 10 1층,02-2275-3125,삼계탕,서울 명동
11,대우부대찌개,3.8,124,서울 강남구 테헤란로25길 34 1층,02-552-1663,부대찌개,서울 강남
12,이태리부대찌개 선릉직영점,4.1,26,서울 강남구 선릉로 424 2층,02-565-0310,부대찌개,서울 강남
13,이태리부대찌개 삼성점,4.3,23,서울 강남구 삼성로104길 16 은지빌딩 2층,02-555-5652,부대찌개,서울 강남
14,이태리부대찌개 학동점,3.9,18,서울 강남구 학동로33길 15 1층,02-545-0310,부대찌개,서울 강남
15,이태리부대찌개 역삼GS점,3.8,12,서울 강남구 논현로94길 22 2층,02-554-5597,부대찌개,서울 강남
16,금성스테이크부대찌개,3.1,21,서울 강남구 언주로174길 26 남강빌딩 1층 2호,,부대찌개,서울 강남
17,송탄부대찌개 본점,2.3,11,서울 강남구 도산대로 166 1층,02-541-2446,부대찌개,서울 강남
18,이태리부대찌개 신사점,3.9,15,서울 강남구 논현로149길 73 1층,02-518-7783,부대찌개,서울 강남
19,모박사부대찌개 코엑스점,1.8,33,서울 강남구 영동대로 513 지하1층 M101호,02-551-2288,부대찌개,서울 강남
20,이태리부대찌개 강남역점,3.6,24,서울 강남구 테헤란로4길 40 신소애빌딩 2층,02-569-0417,부대찌개,서울 강남
21,놀부부대찌개 강남고속버스터미널점,2.0,16,서울 서초구 신반포로 194 서울고속본관 지하大2-1,02-3478-8456,부대찌개,서울 강남
22,봉시김치찌개,4.2,13,서울 강남구 논현로28길 45 1층,02-572-0709,부대찌개,서울 강남
23,스튜부대,4.1,13,서울 강남구 선릉로155길 16 1층,02-512-4381,부대찌개,서울 강남
24,대독장 강남점,3.4,15,서울 강남구 논현로85길 59 남곡빌딩 2층,02-552-7745,부대찌개,서울 강남
25,꾼노리 강남역점,1.1,11,"서울 서초구 서초대로77길 29 수호빌딩 3, 4층",,부대찌개,서울 강남
26,강남면옥 대치점,2.5,24,서울 강남구 도곡로 428,02-539-6393,갈비찜,서울 강남
27,강남면옥 신천점,2.2,24,"서울 송파구 올림픽로8길 21 성지빌딩 1,2층",02-424-8889,갈비찜,서울 강남
28,강남면옥 송파점,3.4,15,서울 송파구 법원로 128 문정SK V1 GL메트로시티 A동 1층 103~106호,02-400-6599,갈비찜,서울 강남
29,한교방서울면옥,2.8,17,서울 강남구 학동로45길 8 2층,02-545-0090,갈비찜,서울 강남
30,강남면옥 성수점,2.9,42,서울 성동구 성수일로 77,02-6968-0800,갈비찜,서울 강남
31,강남면옥 광장점,3.4,14,서울 광진구 구의강변로 106 삼성쉐르빌 109호,02-446-5539,갈비찜,서울 강남
32,강남면옥 명동점,3.5,32,서울 중구 명동7길 8 미래빌딩 5층,02-3789-7117,갈비찜,서울 강남
33,강남면옥 인사동점,2.9,25,서울 종로구 인사동길 18 1층,02-722-8586,갈비찜,서울 강남
34,강남면옥 정동점,3.2,35,서울 종로구 새문안로 38,02-722-7033,갈비찜,서울 강남
35,김선생조개찜,3.7,22,서울 강남구 강남대로114길 14,02-517-4164,갈비찜,서울 강남
36,갈비다움 역삼본점,3.8,11,서울 강남구 테헤란로25길 31,02-553-0720,갈비찜,서울 강남
37,곽만근갈비탕 강남세곡점,2.7,18,서울 강남구 헌릉로569길 23 2층,02-451-3565,갈비찜,서울 강남
38,인기명 강남점,3.5,11,"서울 강남구 역삼로3길 10-2 1,2층",02-539-2228,갈비찜,서울 강남
39,나주곰탕 강남역본점,4.2,18,서울 강남구 역삼로3길 16,02-567-6035,갈비찜,서울 강남
40,명동치킨,4.9,17,서울 동작구 대방동23길 45,02-814-0031,치킨,서울 명동
41,명동곰돌이,3.4,17,서울 서초구 서초대로55길 11,02-594-3989,치킨,서울 명동
42,둘둘치킨 명동본점,3.9,15,"서울 중구 퇴계로20길 5 대동빌딩 1,2층",02-772-9377,치킨,서울 명동
43,명동곰돌이 방배점,4.9,19,"서울 서초구 방배중앙로27길 17 31, 32호",02-535-3988,치킨,서울 명동
44,명동골뱅이,2.9,11,서울 중구 충무로9길 14,02-2275-7701,치킨,서울 명동
45,BBQ 명동스타점,3.7,21,서울 중구 명동4길 2 2층,02-318-8809,치킨,서울 명동
46,맘스터치 서울시청점,2.0,31,서울 중구 무교로 12 정오빌딩 2층,,치킨,서울 명동
47,포탈라레스토랑 종로점,3.9,34,서울 종로구 청계천로 99,02-318-0094,치킨,서울 명동
48,샤이바나 광화문점,2.5,17,서울 중구 세종대로 136 서울파이낸스센터 지하1층,02-754-4281,치킨,서울 명동
49,강남삼계탕,4.2,14,서울 강남구 강남대로110길 12,02-562-5736,삼계탕,서울 강남
50,한방삼계탕,3.2,11,서울 강남구 강남대로 342,02-564-9922,삼계탕,서울 강남
51,진전복삼계탕,4.2,28,서울 강남구 선릉로129길 21 1층,02-515-8937,삼계탕,서울 강남
52,초가집삼계탕,4.3,23,서울 강남구 테헤란로55길 15,02-556-5514,삼계탕,서울 강남
53,상황버섯 약수삼계탕,4.5,31,서울 강남구 봉은사로30길 64 1층,02-548-8835,삼계탕,서울 강남
54,원조한방정통삼계탕,3.2,12,서울 강남구 테헤란로81길 35,02-556-2616,삼계탕,서울 강남
55,정통원조한방삼계탕,2.6,14,서울 강남구 테헤란로68길 25 반석빌딩 1층,02-553-3806,삼계탕,서울 강남
56,용삼계탕,3.9,31,서울 강남구 학동로4길 8 2층,02-548-2614,삼계탕,서울 강남
57,마삼계탕 역삼별관,4.9,18,서울 강남구 언주로 337 지하1층,02-501-5250,삼계탕,서울 강남
58,고봉삼계탕 코엑스점,2.3,11,서울 강남구 영동대로 513 지하 1층 K109호,02-551-0080,삼계탕,서울 강남
59,진전복삼계탕 논현직영점,4.8,26,서울 강남구 언주로133길 18 지하1층,02-516-8937,삼계탕,서울 강남
60,참이맛감자탕 강남점,1.7,27,서울 서초구 사평대로56길 10,02-3481-3399,삼계탕,서울 강남
61,보승회관 강남역서초점,2.5,17,서울 서초구 강남대로 359 대우도씨에빛2 103호,02-582-8807,삼계탕,서울 강남
62,화랑불닭발,2.8,16,서울 강남구 강남대로118길 19 1층,1644-1564,삼계탕,서울 강남
63,시골빈대떡파전 선릉본점,3.8,14,서울 강남구 테헤란로53길 14 1층,,파전,서울 강남
64,노랑저고리 강남점,3.0,26,서울 서초구 서초대로73길 9 타임빌딩 5층,02-534-5300,파전,서울 강남
65,무월 강남점,3.0,65,서울 강남구 봉은사로4길 21,02-555-3060,파전,서울 강남
66,대동집 강남역점,4.0,12,서울 강남구 봉은사로18길 88,02-554-4574,파전,서울 강남
67,무교동낙지 강남역삼점,1.5,23,서울 강남구 테헤란로4길 46 쌍용플레티늄상가 지하1층 137호,02-553-5553,파전,서울 강남
68,만복국수집 강남터미널점,2.5,19,서울 서초구 신반포로 194 본관 1층 6호,02-593-8245,파전,서울 강남
69,김명자굴국밥보쌈,3.6,17,서울 서초구 서초대로78길 30 지하1층,02-597-6007,파전,서울 강남
70,명동찌개마을 신림점,1.7,15,서울 관악구 신림로66길 10,02-875-2772,갈비찜,서울 명동
71,강남면옥 명동점,3.5,32,서울 중구 명동7길 8 미래빌딩 5층,02-3789-7117,갈비찜,서울 명동
72,한라담 무교점,2.4,21,서울 중구 무교로 21 더익스체인지서울 2층,02-318-4400,갈비찜,서울 명동
73,송탄부대찌개,3.8,13,서울 중구 명동10길 35-20 스타바치빌딩 3층,02-753-3330,부대찌개,서울 명동
74,놀부부대찌개 명동점,1.3,23,서울 중구 명동10길 16-1 2층,02-3789-0110,부대찌개,서울 명동
75,한가네불고기,4.5,27,서울 종로구 인사동길 59,02-734-4388,불고기,서울 명동
76,광릉불고기 남산점,4.2,25,서울 중구 장충단로 72,02-790-8370,불고기,서울 명동
77,진고개 동대문,3.8,17,서울 종로구 종로 301-1,02-763-3565,불고기,서울 명동
78,충무로쭈꾸미불고기 본점,3.3,99,서울 중구 퇴계로31길 11,02-2279-0803,불고기,서울 명동
79,사랑의불고기,3.0,13,서울 용산구 이태원로55가길 26-1,,불고기,서울 명동
80,남포면옥,2.9,192,서울 중구 을지로3길 24,02-777-3131,불고기,서울 명동
81,더식당 명동점,3.2,39,서울 중구 명동10길 36 아트박스 2층,02-318-2234,불고기,서울 명동
82,락희옥 을지로지점,4.4,63,서울 중구 을지로 101 정익빌딩 2층,02-772-9797,불고기,서울 명동
83,한일관 을지로점,3.1,18,서울 중구 을지로5길 19 페럼타워 빌딩 지하 1층,02-6353-8976,불고기,서울 명동
84,곰국시집 명동점,2.8,13,서울 중구 명동10길 19-3 삼존빌딩 2층,02-756-3449,불고기,서울 명동
85,오우가,3.8,23,"서울 중구 명동8가길 42 1,2층",02-753-7533,불고기,서울 명동
86,오징어풍경,3.8,13,서울 중구 다동길 5,02-756-0777,불고기,서울 명동
87,보돌미역 명동점,4.1,18,서울 중구 명동8나길 10 사보이호텔 지하1층,02-772-7600,불고기,서울 명동
88,신가원설렁탕 무교본점,3.1,14,서울 중구 을지로1길 10,02-778-8898,불고기,서울 명동
89,이삭토스트 서울명동성당점,2.9,12,서울 중구 명동10길 17-1 1층,02-3789-2043,불고기,서울 명동
90,애성회관,4.3,338,서울 중구 남대문로5길 23 대경빌딩 1층,02-352-0303,불고기,서울 명동
91,평래옥,2.9,194,서울 중구 마른내로 21-1,02-2267-5892,불고기,서울 명동
92,남매집,3.7,34,서울 중구 남대문로1길 41,02-777-0735,불고기,서울 명동
93,도누각,4.6,15,서울 중구 남대문로1길 18 1층,02-318-3628,불고기,서울 명동
94,통나무집,2.7,21,서울 중구 마른내로6길 16,02-2275-9184,불고기,서울 명동
95,왕비집 종로점,4.2,19,서울 종로구 삼일대로15길 24 2층,02-720-3066,불고기,서울 명동
96,신도세기 종로점,2.8,23,서울 종로구 삼일대로17길 51 스타골드빌딩 1층,02-739-8114,불고기,서울 명동
97,삼우정,4.0,21,서울 중구 서소문로 134-12,02-755-8044,불고기,서울 명동
98,남대문생숯불갈비,2.2,11,서울 중구 남대문시장2길 13 1층,02-757-9242,불고기,서울 명동
99,종로불돼지,3.5,22,서울 종로구 청계천로 67 종로1번가빌딩,02-734-1190,불고기,서울 명동
100,제주연탄집,4.7,13,서울 중구 충무로2길 30-1,02-2266-0828,불고기,서울 명동
101,도동집,2.8,102,서울 용산구 후암로48길 1 지하1층,02-772-9463,불고기,서울 명동
102,용강식당,2.5,27,서울 중구 을지로20길 40,02-2266-5801,불고기,서울 명동
103,조선옥,2.7,75,서울 중구 을지로15길 8,02-2278-8292,불고기,서울 명동
104,김치만선생 동대필동점,3.8,13,서울 중구 필동로 30-1 1층,,불고기,서울 명동
105,강서면옥,2.2,45,서울 중구 세종대로11길 35,02-752-1945,불고기,서울 명동
106,석산정,3.3,16,서울 중구 을지로 149-5,02-2266-9494,불고기,서울 명동
107,민소한우 광화문점,3.2,14,서울 종로구 종로 22 인주빌딩 지하1층,02-738-5400,불고기,서울 명동
108,평가옥 종각점,2.4,16,서울 종로구 우정국로 2 광교빌딩 1층,02-720-1577,불고기,서울 명동
109,곰비임비,4.4,11,서울 중구 세종대로11길 45 1층,02-752-5860,불고기,서울 명동
110,하나로회관,3.9,29,서울 종로구 인사동5길 25 하나로빌딩 지하1층,02-732-7451,불고기,서울 명동
111,공평동꼼장어 본점,3.4,65,서울 종로구 우정국로 29,02-738-1769,불고기,서울 명동
112,덕수정,3.6,56,서울 중구 정동길 41,02-755-0180,불고기,서울 명동
113,통일집,2.1,25,서울 중구 충무로 68-12,02-2273-0824,불고기,서울 명동
114,새마을식당 종각본점,3.3,11,서울 종로구 우정국로2길 42 1층,02-730-5252,불고기,서울 명동
115,보돌미역 종로타워점,3.0,21,서울 종로구 종로 51 종로타워 지하1층 101호,02-725-1391,불고기,서울 명동
116,채선당 샤브보트 종로타워점,3.6,11,서울 종로구 종로 51 지하2층,02-720-5433,불고기,서울 명동
117,투뿔등심 그랑서울점,2.6,17,서울 종로구 종로 33 지하1층,02-2158-7903,불고기,서울 명동
118,싸립문을 밀고들어서니,3.7,18,서울 종로구 인사동길 15-11,02-735-5917,불고기,서울 명동
119,보돌미역 서울스퀘어점,3.4,13,서울 중구 한강대로 416 서울스퀘어 지하1층 F-27호,02-6456-8830,불고기,서울 명동
120,소공동뚝배기집,2.7,18,서울 중구 서소문로11길 18 하일빌딩 1층,,불고기,서울 명동
121,우래옥 본점,4.0,674,서울 중구 창경궁로 62-29,02-2265-0151,불고기,서울 명동
122,교동전선생 종로구청점,3.7,27,"서울 종로구 삼봉로 62 1,2층",02-730-9909,불고기,서울 명동
123,보건옥,3.7,35,서울 중구 창경궁로8길 12,02-2275-3743,불고기,서울 명동
124,남도식당,2.7,26,서울 종로구 종로3길 42,02-734-0719,불고기,서울 명동
125,큰맘할매순대국 낙원동점,3.4,16,서울 종로구 돈화문로9길 6,02-745-9298,불고기,서울 명동
126,동해오징어보쌈,4.3,13,서울 용산구 후암로35길 47 1층,02-753-3323,불고기,서울 명동
127,낙원정,5.0,14,서울 중구 퇴계로51길 27,02-2272-5388,불고기,서울 명동
128,익선반주,4.3,65,서울 종로구 돈화문로11다길 31 1층,02-529-3979,불고기,서울 명동
129,모담,3.8,15,"서울 종로구 새문안로2길 10 지하1층 B102,103호",0507-1387-0731,불고기,서울 명동
130,최대감네,2.8,14,서울 종로구 인사동8길 12-3,02-733-9355,불고기,서울 명동
131,시집못간돼지 연탄구이,3.9,11,서울 용산구 한강대로 369-1,02-701-5512,불고기,서울 명동
132,인사동6842,1.9,14,서울 종로구 인사동길 30-14,02-730-1272,불고기,서울 명동
133,인사동그집,2.9,26,서울 종로구 인사동12길 3,,불고기,서울 명동
134,평창우선생,3.6,23,서울 중구 통일로 102 바비엥스위트1 1층,02-739-8819,불고기,서울 명동
135,신한양식당 중림동본점,4.7,12,서울 중구 서소문로6길 45 1층,02-364-6879,불고기,서울 명동
136,촌 인사동본점,2.2,13,서울 종로구 인사동14길 19,02-720-4888,불고기,서울 명동
137,정선곤드레쌈밥 인사동점,4.7,14,서울 종로구 인사동12길 11 1층,02-722-4589,불고기,서울 명동
138,한일관 광화문점,3.2,22,서울 종로구 종로1길 50 더케이트윈타워 A동 지하1층,02-722-7557,불고기,서울 명동
139,송원,2.7,31,서울 중구 동호로24길 35-4,02-2275-3118,불고기,서울 명동
140,장수회관,3.8,12,서울 중구 정동길 12,02-755-6622,불고기,서울 명동
141,천하보쌈,4.2,119,서울 종로구 창덕궁1길 8 천하보쌈,02-744-1614,불고기,서울 명동
142,고궁의아침,3.7,55,서울 종로구 창경궁로 158,02-762-7620,불고기,서울 명동
143,오소오소 서대문직영점,3.5,11,서울 서대문구 충정로 47 신원빌딩 지하 1층,02-363-5550,불고기,서울 명동
144,황금정,3.3,12,서울 종로구 새문안로5가길 5,02-730-1313,불고기,서울 명동
145,마포우사미,3.9,12,서울 중구 동호로 195-7,02-2253-8253,불고기,서울 명동
146,효제금마루,3.5,17,"서울 종로구 대학로 33 포레스트힐 2층 201,202호",02-766-9998,불고기,서울 명동
147,호남집,4.2,18,서울 종로구 종로40가길 5,02-2279-0996,불고기,서울 명동
148,흥부골숯불돼지갈비,4.2,19,서울 중구 청구로 113,02-2253-1978,불고기,서울 명동
149,예산집곱창,4.4,14,서울 종로구 종로40가길 34 1층,02-2277-3205,불고기,서울 명동
150,서촌기와집,3.4,12,서울 종로구 자하문로1길 35 1층,02-723-3911,불고기,서울 명동
151,연화,3.9,11,서울 서대문구 통일로9안길 32,02-736-0290,불고기,서울 명동
152,원동미나리삼겹살,3.7,37,서울 용산구 한강대로77길 4-1 1층,0507-1441-9938,불고기,서울 명동
153,조선생양지국밥국수,4.9,12,서울 종로구 대학로 16-1,070-7585-2218,불고기,서울 명동
154,황금코다리,3.2,16,서울 종로구 자하문로10길 14,02-738-3579,불고기,서울 명동
155,백채김치찌개 숙대입구점,3.7,11,서울 용산구 청파로45길 26 1층,,불고기,서울 명동
156,칼집삼겹살 숙대점,4.8,12,서울 용산구 한강대로81길 6,02-718-5590,불고기,서울 명동
157,새마을식당 동대문점,1.4,11,서울 중구 을지로43길 30 1층,02-6952-0888,불고기,서울 명동
158,새마을식당 약수역점,4.2,13,서울 중구 다산로 135 1층,02-2235-2983,불고기,서울 명동
159,마카나이 숙대점,3.0,13,서울 용산구 청파로45길 11 1층,02-711-2016,불고기,서울 명동
160,채선당PLUS 원효로점,3.7,12,서울 용산구 원효로90길 11 더프라임타워 업무동 2층,02-6362-7977,불고기,서울 명동
161,소선재,2.5,19,서울 종로구 삼청로 113-1,02-730-7002,불고기,서울 명동
162,피자보이시나 대학로점,4.3,26,서울 종로구 창경궁로26길 38 2층,02-745-7750,불고기,서울 명동
163,올댓피자,3.8,24,서울 중구 다산로40길 15 1층 101호,02-2236-8274,불고기,서울 명동
164,명원숯불갈비,3.9,16,서울 종로구 통일로12길 8,02-738-4744,불고기,서울 명동
165,마포우사미,3.4,26,서울 마포구 마포대로14가길 4 1층,02-3273-8253,불고기,서울 명동
166,단풍나무집 이태원점,3.2,13,서울 용산구 이태원로27가길 26 해밀톤호텔 별관 2층,02-790-7977,불고기,서울 명동
167,동숭숯불갈비,4.0,14,서울 종로구 대학로9길 26,02-741-3451,불고기,서울 명동
168,오제불 제순식당 대학로직영점,3.2,12,서울 종로구 대명길 39-4 1층,02-765-8220,불고기,서울 명동
169,만정,3.5,15,"서울 종로구 삼청로 124-2 2, 3층",02-733-1392,불고기,서울 명동
170,삼삼뚝배기,3.8,16,서울 종로구 동숭길 51,02-765-4683,불고기,서울 명동
171,단풍나무집 삼청점,2.7,17,서울 종로구 삼청로 130,02-730-7461,불고기,서울 명동
172,한촌설렁탕 대학로점,1.7,22,서울 종로구 대학로11길 3,02-747-4588,불고기,서울 명동
173,외고집설렁탕,3.4,52,서울 강남구 삼성로 555 알앤텍빌딩 1층,02-567-5225,설렁탕,서울 강남
174,하영호신촌설렁탕 본점,3.7,35,서울 강남구 논현로28길 36 1층,02-572-5636,설렁탕,서울 강남
175,강남교자 강남본점,3.3,58,서울 서초구 강남대로69길 11 2층,02-536-4133,설렁탕,서울 강남
176,신촌설렁탕 역삼점,2.8,14,서울 강남구 강남대로94길 59 옥산빌딩 1층,02-501-3322,설렁탕,서울 강남
177,신촌설렁탕 대치점,3.3,11,서울 강남구 도곡로63길 13,02-569-0159,설렁탕,서울 강남
178,본가신촌설렁탕 강남고속버스터미널점,2.2,13,서울 서초구 신반포로 194 터미널지하상가 지하대형9호,02-533-0079,설렁탕,서울 강남
179,강남교자 동대문점,2.2,13,서울 중구 장충단로13길 13,02-2273-6392,설렁탕,서울 강남
180,봉피양제주 강남점,3.4,12,서울 서초구 강남대로 359 2층 208~210호,02-587-7018,설렁탕,서울 강남
181,탕탕집,3.8,33,서울 강남구 학동로4길 12,02-511-3235,설렁탕,서울 강남
182,신동궁 감자탕뼈숯불구이,3.4,41,서울 중구 명동9길 43,02-318-4222,감자탕,서울 명동
183,일미집 을지로입구점,3.4,11,서울 중구 을지로3길 22 1층,,감자탕,서울 명동
184,원당감자탕 명동2호점,3.1,15,서울 중구 명동8나길 35,02-757-7612,감자탕,서울 명동
185,동원집,3.1,178,서울 중구 퇴계로27길 48 1층,02-2265-1339,감자탕,서울 명동
186,삼풍,3.8,21,서울 중구 퇴계로41길 7-3 1층,02-2269-3405,감자탕,서울 명동
187,원당감자탕 서소문점,2.0,11,서울 중구 서소문로 129-1,02-752-1375,감자탕,서울 명동
188,이모네감자탕,4.7,13,서울 종로구 새문안로9길 29-3,02-733-7314,감자탕,서울 명동
189,일미집,3.3,123,서울 용산구 후암로 1-1 1층,02-776-0670,감자탕,서울 명동
190,24시용산원조감자탕,2.4,23,서울 용산구 청파로 393,02-797-1900,감자탕,서울 명동
191,신원당 마늘보쌈감자탕,3.1,12,서울 서대문구 서소문로 63,02-313-3505,감자탕,서울 명동
192,광화문뚝감,4.0,117,서울 종로구 새문안로3길 21,02-722-5894,감자탕,서울 명동
193,할매집,2.5,85,서울 종로구 사직로12길 1-5,02-735-2608,감자탕,서울 명동
194,참맛감자탕,3.7,12,서울 중구 다산로 107 1층,02-2231-0240,감자탕,서울 명동
195,옛날통인감자탕,3.9,12,서울 종로구 자하문로11길 34,02-735-7296,감자탕,서울 명동
196,일미집 2호점,3.2,19,서울 용산구 백범로90길 38,02-715-8338,감자탕,서울 명동
197,이바돔감자탕 이태원역점,1.3,34,서울 용산구 이태원로 176 2층,02-793-1600,감자탕,서울 명동
198,왕뼈감자탕 효창점,2.5,11,서울 용산구 효창원로 156,02-712-7780,감자탕,서울 명동
199,장터 순대국파보쌈감자탕,3.8,47,서울 종로구 종로5길 40,02-735-8055,감자탕,서울 명동
200,무교동유정낙지 본점,2.9,15,서울 중구 세종대로21길 22 태성빌딩 1층 101호,02-725-0646,감자탕,서울 명동
201,강가,4.6,16,서울 중구 수표로 15,02-2266-6066,감자탕,서울 명동
202,김명숙아지매순대국,3.3,18,서울 중구 퇴계로 64 1층,02-318-9702,감자탕,서울 명동
203,장군굴보쌈,3.1,46,서울 종로구 수표로20길 22,02-2274-9548,감자탕,서울 명동
204,원조우정낙지 본점,3.1,21,서울 종로구 삼일대로17길 46 신양빌딩 2층,02-720-7991,감자탕,서울 명동
205,보승회관 시청점,1.9,15,서울 중구 세종대로 66 1층,02-772-9288,감자탕,서울 명동
206,흥부가,4.1,43,서울 종로구 수표로20길 22,02-2269-8110,감자탕,서울 명동
207,삼해집,3.4,62,서울 종로구 수표로20길 16-15,02-2273-0266,감자탕,서울 명동
208,최부자보쌈,2.4,27,서울 종로구 수표로20길 22,02-2272-4726,감자탕,서울 명동
209,춘천막국수,4.2,42,서울 중구 다산로10길 6 1층,02-2232-2969,감자탕,서울 명동
210,금강산,4.3,16,서울 용산구 청파로 303,02-713-6650,감자탕,서울 명동
211,가나안뼈해장탕,2.2,38,서울 중구 다산로 131,02-2234-5200,감자탕,서울 명동
212,계경순대국 숙대입구역,3.3,14,서울 용산구 한강대로 306,02-3789-7547,감자탕,서울 명동
213,원동미나리삼겹살,3.7,37,서울 용산구 한강대로77길 4-1 1층,0507-1441-9938,감자탕,서울 명동
214,감골집,4.5,11,서울 종로구 율곡로13길 13,02-745-1119,감자탕,서울 명동
215,담미온 대학로점,3.5,17,서울 종로구 대학로11길 48 1층,02-529-8078,감자탕,서울 명동
216,개미식당,4.3,15,서울 종로구 대명길 35,02-745-6246,감자탕,서울 명동
217,신가원설렁탕 무교본점,3.1,14,서울 중구 을지로1길 10,02-778-8898,설렁탕,서울 명동
218,이남장 명동점,3.8,27,"서울 중구 명동9길 39 1, 2층",02-3789-4247,설렁탕,서울 명동
219,반장즉석떡볶이 강남점,3.7,15,서울 강남구 테헤란로4길 25 지하 1층,010-8848-2586,떡볶이,서울 강남
220,또보겠지 떡볶이집 강남헬로몽키점,4.5,44,서울 강남구 봉은사로6길 30 2층,010-7355-1361,떡볶이,서울 강남
221,신전떡볶이 강남역점,2.2,18,서울 강남구 강남대로94길 21 용정빌딩 1층 104호,02-558-8587,떡볶이,서울 강남
222,우리할매떡볶이 강남세곡점,2.7,13,서울 강남구 헌릉로569길 21-30 드림하이오피스텔 1층 115호,02-459-2235,떡볶이,서울 강남
223,죠스떡볶이 강남중앙점,2.6,51,서울 강남구 테헤란로1길 20 1층,02-539-5399,떡볶이,서울 강남
224,동대문엽기떡볶이 강남역점,3.0,23,서울 서초구 강남대로61길 13 신흥빌딩 2층,02-532-8592,떡볶이,서울 강남
225,신전떡볶이 강남논현점,2.2,12,서울 강남구 학동로6길 3 1층,02-515-6992,떡볶이,서울 강남
226,두끼떡볶이 뉴코아아울렛강남점,2.4,14,서울 서초구 잠원로 51 지하1층,02-530-5643,떡볶이,서울 강남
227,영동떡볶이,3.5,24,서울 강남구 도곡로51길 31,02-554-7372,떡볶이,서울 강남
228,서강쇠떡볶이 본점,2.4,26,서울 강남구 강남대로66길 11,02-501-7728,떡볶이,서울 강남
229,모범떡볶이와수제돈가스,3.1,14,서울 강남구 테헤란로53길 14 세영빌딩 2층,02-561-5445,떡볶이,서울 강남
230,맛짱떡볶이,2.3,23,서울 강남구 강남대로122길 17,02-549-9303,떡볶이,서울 강남
231,민들레떡볶이 역삼점,2.9,11,서울 강남구 논현로94길 11 2층,02-566-8070,떡볶이,서울 강남
232,루비떡볶이,3.4,59,서울 강남구 선릉로153길 21,02-516-7147,떡볶이,서울 강남
233,고씨떡볶이 삼성점,4.5,11,서울 강남구 봉은사로84길 34,070-4046-5471,떡볶이,서울 강남
234,강남김밥,4.4,18,서울 강남구 선릉로130길 20,02-540-1516,떡볶이,서울 강남
235,강남햅쌀만꼬마김밥전문,2.4,12,서울 강남구 밤고개로 231 훼밀타운 A동 1층 104호,02-445-9922,떡볶이,서울 강남
236,동대문엽기떡볶이 양재점,3.2,13,서울 강남구 남부순환로359길 8 2층,02-577-8592,떡볶이,서울 강남
237,짱군떡볶이,4.8,16,서울 강남구 논현동 199-30,,떡볶이,서울 강남
238,선릉역매운떡볶이 역삼점,3.6,18,서울 강남구 강남대로94길 75,02-6338-2506,떡볶이,서울 강남
239,신전떡볶이 대치점,2.5,22,서울 강남구 선릉로 420 진선상가 102호,02-554-5256,떡볶이,서울 강남
240,선릉역 영이네추억의떡볶이,3.8,15,서울 강남구 남부순환로351길 14 1층,02-575-6963,떡볶이,서울 강남
241,동대문엽기떡볶이 대치점,2.7,18,서울 강남구 역삼로 406 1층 106호,02-539-8592,떡볶이,서울 강남
242,부자떡볶이,4.1,14,서울 강남구 언주로136길 27 1층,02-6083-2019,떡볶이,서울 강남
243,동대문엽기떡볶이 논현직영점,3.4,13,서울 강남구 강남대로118길 37 2층,02-512-8592,떡볶이,서울 강남
244,국대떡볶이 선릉역점,2.6,59,서울 강남구 선릉로 424,02-555-8896,떡볶이,서울 강남
245,서강쇠떡볶이 압구정로데오본점,3.0,44,서울 강남구 압구정로50길 22 1층 5호,02-542-3312,떡볶이,서울 강남
246,동대문엽기떡볶이 역삼직영점,1.6,16,서울 강남구 언주로 323 1층 101-1호,02-556-8592,떡볶이,서울 강남
247,죠스떡볶이 한티역점,2.6,12,서울 강남구 선릉로64길 5,02-538-7367,떡볶이,서울 강남
248,강남옛날돈까스즉석떢볶이 일식,2.4,11,서울 강남구 학동로 223 대영빌딩 2층,02-516-3695,떡볶이,서울 강남
249,고양이부엌 강남점,2.8,29,서울 서초구 강남대로61길 7 지하1층,02-536-4468,떡볶이,서울 강남
250,경성야시장 강남점,2.0,14,서울 강남구 강남대로98길 16 1층,02-538-7557,떡볶이,서울 강남
251,인계동껍데기 강남점,2.7,32,"서울 서초구 서초대로73길 42 강남역리가스퀘어 101,102호",010-4006-9608,떡볶이,서울 강남
252,청년다방 강남K스퀘어점,3.0,26,서울 강남구 강남대로94길 10 3층,02-501-3503,떡볶이,서울 강남
253,키친수다 강남점,2.5,18,서울 서초구 강남대로65길 9,02-3478-1556,떡볶이,서울 강남
254,청담동마녀김밥 강남역점,2.7,26,서울 서초구 사임당로 180 보원빌딩 1층 103호,02-583-1119,떡볶이,서울 강남
255,고봉민김밥인 강남세곡점,3.4,16,서울 강남구 헌릉로569길 9 강남지웰파인즈 105호,02-459-8060,떡볶이,서울 강남
256,오븐에빠진닭 강남2호점,2.0,11,서울 강남구 강남대로96길 16,02-555-5892,떡볶이,서울 강남
257,무공돈까스 강남점,3.2,55,서울 강남구 강남대로110길 13 1층,02-565-9774,떡볶이,서울 강남
258,놀숲 강남역점,3.9,59,서울 강남구 강남대로98길 17 시티힐빌딩 2층,02-558-5846,떡볶이,서울 강남
259,미도인 강남,3.9,195,서울 강남구 강남대로102길 16 1층,02-555-1995,떡볶이,서울 강남
260,김밥까페 강남점,1.3,63,서울 강남구 테헤란로4길 27 1층,02-566-4279,떡볶이,서울 강남
261,역전할머니맥주 서울신논현점,2.2,16,서울 강남구 봉은사로1길 38,,떡볶이,서울 강남
262,푸른술집 할라 강남점,1.7,18,서울 서초구 서초대로77길 43 2층,,떡볶이,서울 강남
263,로봇김밥 강남역점,1.8,21,서울 강남구 테헤란로 101 지하1층 5호,02-3452-9993,떡볶이,서울 강남
264,보영만두 강남점,4.5,15,서울 강남구 테헤란로5길 24 보영만두 강남점,02-565-1237,떡볶이,서울 강남
265,놀숲 강남교보타워점,2.8,11,서울 서초구 서초대로77길 58 트라이랜드빌딩 지하1층,02-533-7533,떡볶이,서울 강남
266,싸다김밥 강남우성점,2.2,23,서울 서초구 사임당로 181 1층,02-523-2827,떡볶이,서울 강남
267,김밥25 강남CGV점,1.2,29,서울 강남구 강남대로100길 10,02-569-2277,떡볶이,서울 강남
268,강레오의차돌집 강남본점,3.1,12,서울 강남구 테헤란로1길 44 1층,02-501-5016,떡볶이,서울 강남
269,연돈볼카츠 강남CGV점,2.2,38,서울 강남구 강남대로 438 스타플렉스 2층 213호,010-4468-6664,떡볶이,서울 강남
270,마유유 강남역점,3.9,33,서울 강남구 강남대로94길 27 2층 201호,0507-1378-7825,떡볶이,서울 강남
271,고봉민김밥인 강남아르누보씨티점,4.8,22,서울 서초구 서초대로74길 49 아르누보씨티2 104호,02-585-3690,떡볶이,서울 강남
272,명랑핫도그 강남지하상가점,2.8,14,서울 강남구 강남대로 390 지하층 B-25호,02-566-0992,떡볶이,서울 강남
273,분식이이래도되는가 강남신사점,3.7,11,서울 강남구 논현로151길 52 1층,02-3445-1985,떡볶이,서울 강남
274,경양식당임정훈,4.0,12,서울 강남구 강남대로84길 15 강남역효성해링턴타워더퍼스트 1층 112호,02-569-8291,떡볶이,서울 강남
275,이공족발 강남점,3.2,12,서울 강남구 강남대로106길 7 2층,02-558-2058,족발,서울 강남
276,옹기족발 일원본점,4.5,26,서울 강남구 일원로9길 50 1층,02-459-6555,족발,서울 강남
277,오가네족발 본점,3.7,13,서울 강남구 논현로36길 21 1층,02-575-6607,족발,서울 강남
278,족발보쌈마을,3.6,13,서울 강남구 테헤란로104길 11 2층,02-567-2772,족발,서울 강남
279,완미족발 논현본점,3.3,22,서울 강남구 강남대로118길 20 1층,02-6952-9933,족발,서울 강남
280,가장맛있는족발 수서역점,4.3,11,"서울 강남구 광평로 295 사이룩스 109,110호",02-3412-3949,족발,서울 강남
281,족발의달인 강남구청점,1.0,181,서울 강남구 학동로43길 38 논현웰스톤 1층 101~105호,,족발,서울 강남
282,족발의달인 대치점,1.0,51,서울 강남구 도곡로 516 1층 111호,,족발,서울 강남
283,교대이층집 강남역점,3.3,38,서울 강남구 강남대로78길 14 2층,02-562-7113,족발,서울 강남
284,뽕족 강남역본점,3.7,38,서울 강남구 테헤란로4길 15 메가시티오피스텔 1층 102~104호,02-556-9279,족발,서울 강남
285,오목집 강남역점,3.5,15,"서울 서초구 서초대로78길 32 2, 3층",02-3486-8188,족발,서울 강남
286,황토감자탕 강남본점,3.4,19,서울 강남구 테헤란로1길 20,02-557-8739,족발,서울 강남
287,딸부자네불백 강남역점,3.0,37,서울 강남구 봉은사로6길 38,02-538-9292,족발,서울 강남
288,딸부자네불백 강남역9번출구점,3.4,18,서울 서초구 서초대로77길 9 1층,02-535-8663,족발,서울 강남
289,기대만족 강남본점,1.7,17,서울 강남구 강남대로118길 37 지하1층,0507-1866-7411,족발,서울 강남
290,뽕나무쟁이 선릉본점,4.1,162,서울 강남구 역삼로65길 31,02-558-9279,족발,서울 강남
291,황해도찹쌀순대,4.2,18,서울 강남구 역삼로3길 19,02-557-6368,족발,서울 강남
292,뽕나무쟁이 별관,3.9,15,서울 강남구 역삼로65길 33,02-553-9279,족발,서울 강남
293,봉시김치찌개,4.2,13,서울 강남구 논현로28길 45 1층,02-572-0709,김치찌개,서울 강남
294,뉴욕김치찌개,3.6,14,서울 강남구 역삼동 825-19 센트럴푸르지오시티 지하2층 B206호,,김치찌개,서울 강남
295,장독대김치찌개 청담점,3.1,19,서울 강남구 도산대로102길 5 1층,02-543-7754,김치찌개,서울 강남
296,강남찌개마을 본점,4.8,11,서울 금천구 시흥대로63길 27,02-892-9955,김치찌개,서울 강남
297,찌개마을,3.5,11,서울 강남구 테헤란로4길 46,02-3444-5506,김치찌개,서울 강남
298,동달식당 강남본점,2.9,16,서울 서초구 서운로 133,02-3471-9700,김치찌개,서울 강남
299,고기꾼김춘배 강남점,3.8,41,서울 강남구 강남대로100길 13 3층,,김치찌개,서울 강남
300,통돼지네 강남점,4.2,26,서울 강남구 역삼로3길 17-5 1층,02-564-6649,김치찌개,서울 강남
301,원조부안집 강남점,3.4,24,서울 강남구 강남대로96길 19 영우빌딩 2층,02-563-4792,김치찌개,서울 강남
302,푸에르코 강남점,2.5,15,서울 서초구 강남대로53길 8 스타크강남빌딩 2층,02-6246-0092,김치찌개,서울 강남
303,딸부자네불백 강남역점,3.0,37,서울 강남구 봉은사로6길 38,02-538-9292,김치찌개,서울 강남
304,하남돼지집 강남역1호점,2.6,23,서울 서초구 서초대로73길 38,02-591-1253,김치찌개,서울 강남
305,대독장 강남점,3.4,15,서울 강남구 논현로85길 59 남곡빌딩 2층,02-552-7745,김치찌개,서울 강남
306,딸부자네불백 강남역9번출구점,3.4,18,서울 서초구 서초대로77길 9 1층,02-535-8663,김치찌개,서울 강남
307,흑다돈 강남직영점,2.2,26,서울 서초구 강남대로65길 10 1층,02-3482-2090,김치찌개,서울 강남
308,김밥까페 강남점,1.3,63,서울 강남구 테헤란로4길 27 1층,02-566-4279,김치찌개,서울 강남
309,하남돼지집 강남구청점,3.1,14,서울 강남구 선릉로 647 영광빌딩 1층,02-512-2292,김치찌개,서울 강남
310,강레오의차돌집 강남본점,3.1,12,서울 강남구 테헤란로1길 44 1층,02-501-5016,김치찌개,서울 강남
311,육일점,4.1,18,서울 강남구 언주로148길 6,02-486-8259,김치찌개,서울 강남
312,명동찌개마을 신림점,1.7,15,서울 관악구 신림로66길 10,02-875-2772,김치찌개,서울 명동
313,명동찌개마을 장승배기점,1.7,13,서울 동작구 상도로15길 134 1층,02-823-8253,김치찌개,서울 명동
314,명동찌개마을 종로직영점,3.9,14,서울 종로구 수표로20길 18 1층,02-2272-7747,김치찌개,서울 명동
315,하남돼지집 명동1호점,2.6,15,서울 중구 명동9가길 12,02-772-9995,김치찌개,서울 명동
316,한라담 무교점,2.4,21,서울 중구 무교로 21 더익스체인지서울 2층,02-318-4400,김치찌개,서울 명동
317,창고43 명동점,3.0,23,서울 중구 을지로 100 SK파인에비뉴빌딩 A동 지하1층,02-6031-0081,육회,서울 명동
318,이남장 명동점,3.8,27,"서울 중구 명동9길 39 1, 2층",02-3789-4247,육회,서울 명동
319,오다리집,2.5,11,서울 중구 명동8나길 28 2층,,육회,서울 명동
320,창고43 무교점,2.3,29,서울 중구 무교로 21 더익스체인지 서울빌딩 2층,02-3789-0043,육회,서울 명동
321,춘천명동닭갈비,4.5,23,서울 은평구 은평로8길 8-1,02-376-4949,닭갈비,서울 명동
322,유가네닭갈비 명동2호점,2.5,13,"서울 중구 명동4길 8 2,3층",02-3789-2492,닭갈비,서울 명동
323,유가네닭갈비 명동1호점,1.4,26,서울 중구 명동10길 7-4,02-3789-3392,닭갈비,서울 명동
324,유가네닭갈비 명동역점,3.3,13,서울 중구 명동8가길 19 2층,02-775-3392,닭갈비,서울 명동
325,유가네닭갈비 명동3호점,2.4,12,서울 중구 명동8나길 22 유화빌딩 201호,02-318-3367,닭갈비,서울 명동
326,은&정명동닭갈비,3.9,14,서울 중구 명동7길 19 2층,02-778-1988,닭갈비,서울 명동
327,놀부부대찌개 명동점,1.3,23,서울 중구 명동10길 16-1 2층,02-3789-0110,닭갈비,서울 명동
328,광양불고기본가,3.0,12,서울 강남구 도곡로99길 16 로열빌딩 1층,02-567-8494,불고기,서울 강남
329,강남불백 강남2호점,3.4,23,서울 강남구 강남대로94길 21 1층,02-501-8763,불고기,서울 강남
330,원조광양불고기 삼성점,2.4,13,서울 강남구 삼성로 529,02-565-7090,불고기,서울 강남
331,일품진진수라 강남점,3.0,12,서울 서초구 서초대로 254 오퓨런스빌딩 지하 2층,02-6250-3110,불고기,서울 강남
332,백억하누 강남본점,4.7,283,서울 강남구 테헤란로5길 29,02-568-8592,불고기,서울 강남
333,봉우화로 강남본점,2.8,29,서울 강남구 봉은사로18길 76,02-558-8452,불고기,서울 강남
334,투뿔등심 강남역점,3.2,13,서울 강남구 테헤란로4길 6 센트럴에비뉴 2층,02-539-8456,불고기,서울 강남
335,딸부자네불백 강남역점,3.0,37,서울 강남구 봉은사로6길 38,02-538-9292,불고기,서울 강남
336,대독장 강남점,3.4,15,서울 강남구 논현로85길 59 남곡빌딩 2층,02-552-7745,불고기,서울 강남
337,꾼노리 강남역점,1.1,11,"서울 서초구 서초대로77길 29 수호빌딩 3, 4층",,불고기,서울 강남
338,채선당 샤브보트 강남센트럴시티점,1.3,33,서울 서초구 신반포로 176 2층,02-6282-1026,불고기,서울 강남
339,사리원 도곡점,3.5,13,서울 강남구 남부순환로 2712,02-573-2202,불고기,서울 강남
340,달래해장 신사본점,3.8,56,서울 강남구 압구정로2길 46 강남시장 1층,0507-1480-5969,불고기,서울 강남
341,황토감자탕 강남본점,3.4,19,서울 강남구 테헤란로1길 20,02-557-8739,감자탕,서울 강남
342,참이맛감자탕 강남점,1.7,27,서울 서초구 사평대로56길 10,02-3481-3399,감자탕,서울 강남
343,청년감자탕 강남역점,3.2,11,서울 강남구 역삼로7길 17 네스빌 1층 102호,02-539-8886,감자탕,서울 강남
344,신동궁감자탕 역삼본점,3.5,98,서울 강남구 테헤란로10길 21,,감자탕,서울 강남
345,일품투가리감자탕 강남역점,3.3,14,서울 서초구 효령로77길 14,02-522-8555,감자탕,서울 강남
346,삼식이감자탕,3.9,46,서울 강남구 논현로34길 19 1층 101호,02-529-0828,감자탕,서울 강남
347,신동궁감자탕뼈숯불구이 선릉직영점,3.4,82,서울 강남구 선릉로86길 39,02-558-7944,감자탕,서울 강남
348,남다른감자탕 서울학동사거리점,3.7,22,서울 강남구 선릉로145길 21 1층,02-542-2110,감자탕,서울 강남
349,강남진해장 가락점,3.8,13,서울 송파구 송파대로28길 13 1층,02-430-2661,감자탕,서울 강남
350,원조감자탕 일미집 역삼점,3.8,13,서울 강남구 논현로 409 1층,02-556-5501,감자탕,서울 강남
351,남도감자탕,4.5,11,서울 강남구 선릉로90길 56 112호,02-557-8898,감자탕,서울 강남
352,신사골감자탕 삼성점,3.7,13,서울 강남구 삼성로104길 8 1층,02-553-5252,감자탕,서울 강남
353,닭한마리감자탕 신사본점,4.5,11,서울 강남구 강남대로152길 14,02-515-5220,감자탕,서울 강남
354,할머니현대 낙지아구감자탕,2.7,19,서울 강남구 압구정로14길 11,02-544-8020,감자탕,서울 강남
355,행복추풍령칼삼겹살 압구정점,4.1,18,서울 강남구 도산대로51길 41,02-518-9996,감자탕,서울 강남
356,장인닭갈비 강남점,3.1,229,서울 강남구 테헤란로1길 19 지하1층,02-3452-3441,닭갈비,서울 강남
357,덕이닭갈비닭찜 강남직영점,3.4,28,"서울 강남구 테헤란로4길 46 쌍용플래티넘밸류 지하1층 132,133호",02-552-0757,닭갈비,서울 강남
358,유가네닭갈비 강남역점,2.6,24,서울 강남구 강남대로 438 2층 214호,02-534-9595,닭갈비,서울 강남
359,닭갈비두목,4.8,14,서울 강남구 논현로75길 13,02-508-5509,닭갈비,서울 강남
360,한가네숯불닭갈비 역삼점,3.1,13,서울 강남구 테헤란로55길 15,02-557-4792,닭갈비,서울 강남
361,춘천닭갈비생오리,4.0,17,서울 강남구 일원로9길 10,0507-1308-9591,닭갈비,서울 강남
362,유가네닭갈비 신사가로수길점,1.6,13,서울 강남구 강남대로152길 34 2층,02-541-1476,닭갈비,서울 강남
363,칠성룸포차 강남역점,1.8,21,서울 서초구 강남대로65길 10 3층,,닭갈비,서울 강남
364,내가찜한닭 강남역점,2.5,14,서울 강남구 강남대로96길 9 2층,02-508-1255,닭갈비,서울 강남
365,키친수다 강남점,2.5,18,서울 서초구 강남대로65길 9,02-3478-1556,닭갈비,서울 강남
366,화로상회 강남논현점,3.6,18,서울 강남구 학동로2길 31 2층,02-540-8592,닭갈비,서울 강남
367,오븐에빠진닭 강남2호점,2.0,11,서울 강남구 강남대로96길 16,02-555-5892,닭갈비,서울 강남
368,꾼노리 강남역점,1.1,11,"서울 서초구 서초대로77길 29 수호빌딩 3, 4층",,닭갈비,서울 강남
369,푸른술집 할라 강남점,1.7,18,서울 서초구 서초대로77길 43 2층,,닭갈비,서울 강남
370,놀부부대찌개 강남고속버스터미널점,2.0,16,서울 서초구 신반포로 194 서울고속본관 지하大2-1,02-3478-8456,닭갈비,서울 강남
371,명동칼국수,2.7,22,서울 서초구 방배천로 12,02-582-8789,파전,서울 명동
372,명동칼국수,1.7,23,서울 종로구 인사동길 29,02-736-7053,파전,서울 명동
373,돈돼지 명동점,1.4,11,서울 중구 명동9길 33 1층,02-776-3301,파전,서울 명동
374,하남돼지집 명동1호점,2.6,15,서울 중구 명동9가길 12,02-772-9995,삼겹살,서울 명동
375,불타는다동화로,3.5,11,"서울 중구 을지로3길 33 1,2층",02-318-8060,삼겹살,서울 명동
376,초반식당,2.6,25,서울 중구 수표로6길 8-1 1층,02-2261-2005,삼겹살,서울 명동
377,교대이층집 시청점,4.1,44,서울 중구 남대문로1길 38 2층,02-318-6882,삼겹살,서울 명동
378,전주집,3.1,67,서울 중구 수표로 48-18,02-2268-6631,삼겹살,서울 명동
379,맛있는삼겹살,4.6,36,서울 중구 남대문시장길 37,02-755-1061,삼겹살,서울 명동
380,한도,3.4,13,서울 종로구 수표로18길 24,02-2279-8742,삼겹살,서울 명동
381,교대이층집 광화문점,3.9,78,서울 종로구 삼봉로 95,02-723-6692,삼겹살,서울 명동
382,은주정,3.3,183,서울 중구 창경궁로8길 32,02-2265-4669,삼겹살,서울 명동
383,익선세겹살,2.1,16,서울 종로구 수표로28길 45,,삼겹살,서울 명동
384,통큰무한삼겹 서울역점,4.5,15,서울 중구 만리재로 217,02-313-0091,삼겹살,서울 명동
385,잠수교집 2호점,3.9,73,서울 용산구 신흥로 37 1층,02-792-0434,삼겹살,서울 명동
386,대통령삼겹살 동대문점,4.0,12,서울 중구 장충단로 249-24,02-2277-2276,삼겹살,서울 명동
387,하남돼지집 광화문점,3.4,14,서울 종로구 새문안로5가길 3-1 2층,02-737-9654,삼겹살,서울 명동
388,김진목삼,4.6,124,서울 종로구 자하문로1길 51 1층,02-929-2929,삼겹살,서울 명동
389,하남돼지집 서대문역점,3.7,17,서울 서대문구 충정로 71-1,02-365-8001,삼겹살,서울 명동
390,육즙당,3.1,14,서울 종로구 종로 225 1층,02-741-1821,삼겹살,서울 명동
391,원동미나리삼겹살,3.7,37,서울 용산구 한강대로77길 4-1 1층,0507-1441-9938,삼겹살,서울 명동
392,열정도고깃집,4.3,89,"서울 용산구 백범로87길 55 1,2층",02-717-9255,삼겹살,서울 명동
393,칼집삼겹살 숙대점,4.8,12,서울 용산구 한강대로81길 6,02-718-5590,삼겹살,서울 명동
394,태태삼겹,2.2,21,서울 중구 퇴계로 386-1,,삼겹살,서울 명동
395,나리의집,3.1,83,서울 용산구 이태원로 245,02-793-4860,삼겹살,서울 명동
396,일공오삼겹살,4.2,15,서울 용산구 백범로87길 52 1층,02-3273-0105,삼겹살,서울 명동
397,돼지래스토랑 둘째,3.4,35,서울 용산구 보광로59길 14-1,070-8118-7370,삼겹살,서울 명동
398,하남돼지집 대학로점,2.1,21,서울 종로구 대학로8가길 52 1층,02-741-9233,삼겹살,서울 명동
399,완백부대찌개 삼겹살 종각점,2.6,19,"서울 종로구 종로 33 그랑서울 1층 111, 117, 118호",02-2158-7953,삼겹살,서울 명동
400,석기정돌솥부대찌개삼겹살 서울역점,2.2,11,서울 용산구 청파로89길 4-12 1층,,삼겹살,서울 명동
401,오는정,2.6,28,서울 중구 을지로3길 29,02-756-1658,삼겹살,서울 명동
402,육통령 명동본점,2.9,41,서울 중구 명동8나길 37-2,02-778-8592,삼겹살,서울 명동
403,한라담 무교점,2.4,21,서울 중구 무교로 21 더익스체인지서울 2층,02-318-4400,삼겹살,서울 명동
404,무한리필 몽블리 명동점,4.0,16,서울 중구 명동8나길 9 3층,,삼겹살,서울 명동
405,대원집,3.2,18,서울 중구 을지로3길 30-4,02-777-2038,삼겹살,서울 명동
406,대지식당,3.2,22,서울 중구 수표로 72-13 4층,02-2265-0871,삼겹살,서울 명동
407,왕비집 명동2호점,3.5,11,서울 중구 명동9길 13 2층,02-3789-1946,삼겹살,서울 명동
408,화포식당 명동점,3.3,14,서울 중구 명동7길 21 1층,02-318-3282,삼겹살,서울 명동
409,라무진 을지로입구점,1.9,16,서울 중구 남대문로9길 10 2층,02-752-9919,삼겹살,서울 명동
410,왕비집 육호점,5.0,21,서울 중구 남대문로 64 2층,,삼겹살,서울 명동
411,조박사등갈비,4.0,11,서울 중구 퇴계로16길 8,02-755-8083,삼겹살,서울 명동
412,돈돼지 명동점,1.4,11,서울 중구 명동9길 33 1층,02-776-3301,삼겹살,서울 명동
413,그냥밥집,4.2,11,서울 중구 퇴계로12길 53,02-778-7973,삼겹살,서울 명동
414,팔레드신,3.4,41,서울 중구 퇴계로 67 레스케이프호텔 6층,02-317-4001,삼겹살,서울 명동
415,해든,4.1,25,서울 중구 퇴계로27길 45 1층,,삼겹살,서울 명동
416,수월가,4.6,34,"서울 중구 마른내로2길 22 1, 2층",02-2268-1972,삼겹살,서울 명동
417,을지육점,3.8,46,서울 중구 을지로12길 18-1 1층,02-2269-3398,삼겹살,서울 명동
418,화포식당 시청점,4.4,56,서울 중구 남대문로1길 16 1층,02-318-2382,삼겹살,서울 명동
419,부산갈매기,4.4,18,서울 중구 남대문로 25-20,02-773-8146,삼겹살,서울 명동
420,을지로회관,4.0,12,서울 중구 수표로 30-1 1층,010-9353-4811,삼겹살,서울 명동
421,안동장,3.2,141,서울 중구 을지로 124,02-2266-3814,삼겹살,서울 명동
422,한국관,2.2,42,서울 중구 을지로 110-1,02-2275-8253,삼겹살,서울 명동
423,신의주부대찌개 시청점,2.0,15,서울 중구 세종대로18길 24,02-3789-1640,삼겹살,서울 명동
424,박씨화로숯불구이,4.8,28,서울 중구 남대문로1길 26-13 1층,02-756-8997,삼겹살,서울 명동
425,골든포크,4.2,13,서울 중구 수표로 46-1 2층,02-2277-0815,삼겹살,서울 명동
426,한국관,1.5,126,서울 중구 남대문로1길 51,02-771-8280,삼겹살,서울 명동
427,금성회관 서울시청직영점,3.3,13,서울 중구 남대문로1길 30,02-3789-9097,삼겹살,서울 명동
428,도누각,4.6,15,서울 중구 남대문로1길 18 1층,02-318-3628,삼겹살,서울 명동
429,진주회관,3.2,394,서울 중구 세종대로11길 26,02-753-5388,삼겹살,서울 명동
430,호남식당,2.2,34,서울 중구 퇴계로41길 9,02-2273-1348,삼겹살,서울 명동
431,왕비집 종로점,4.2,19,서울 종로구 삼일대로15길 24 2층,02-720-3066,삼겹살,서울 명동
432,신도세기 종로점,2.8,23,서울 종로구 삼일대로17길 51 스타골드빌딩 1층,02-739-8114,삼겹살,서울 명동
433,남대문생숯불갈비,2.2,11,서울 중구 남대문시장2길 13 1층,02-757-9242,삼겹살,서울 명동
434,삼수갑산,3.2,18,서울 중구 세종대로4길 25 1층 101호,02-771-7187,삼겹살,서울 명동
435,신촌황소곱창 종로점,2.9,35,서울 종로구 삼일대로17길 17,02-735-6698,삼겹살,서울 명동
436,종로불돼지,3.5,22,서울 종로구 청계천로 67 종로1번가빌딩,02-734-1190,삼겹살,서울 명동
437,도틔대가,4.1,13,서울 중구 세종대로 72-1,02-6952-8450,삼겹살,서울 명동
438,숙달돼지 종각점,2.3,18,서울 종로구 종로8길 15 1층,02-737-5201,삼겹살,서울 명동
439,제주연탄집,4.7,13,서울 중구 충무로2길 30-1,02-2266-0828,삼겹살,서울 명동
440,술패도니,3.1,14,"서울 종로구 종로10길 13 2, 3층",,삼겹살,서울 명동
441,풍문고기집,2.8,32,서울 중구 세종대로2길 6-1,0507-1407-6252,삼겹살,서울 명동
442,옛날농장,4.2,58,서울 중구 퇴계로 222-1,,삼겹살,서울 명동
443,시민식당,3.3,23,서울 종로구 돈화문로5길 30,02-744-8292,삼겹살,서울 명동
444,고기꾼김춘배 종로점,3.8,18,서울 종로구 삼일대로17길 17 5층,070-7799-1223,삼겹살,서울 명동
445,문경식당,4.4,27,서울 중구 을지로18길 11,02-2279-0610,삼겹살,서울 명동
446,화통본가,3.4,12,서울 종로구 수표로20길 33,02-2269-8877,삼겹살,서울 명동
447,고메식당,2.9,17,서울 종로구 종로10길 14 2층,,삼겹살,서울 명동
448,종로정육식당,4.0,21,서울 종로구 종로14길 20,,삼겹살,서울 명동
449,청송옥,3.1,26,서울 중구 서소문로11길 14 1층,02-754-1547,삼겹살,서울 명동
450,맛찬들왕소금구이 종로점,3.4,12,서울 종로구 삼일대로17길 35 1~4층,02-732-3236,삼겹살,서울 명동
451,곰비임비,4.4,11,서울 중구 세종대로11길 45 1층,02-752-5860,삼겹살,서울 명동
452,철로만든돼지 종로본점,4.2,13,서울 종로구 삼일대로15길 16 1층,02-730-3579,삼겹살,서울 명동
453,수정식당,4.2,52,"서울 종로구 삼일대로20길 15 1,2층",02-2279-4319,삼겹살,서울 명동
454,대원식당,4.3,31,서울 중구 창경궁로5길 34-26,02-2275-5512,삼겹살,서울 명동
455,효자동목고기 종로점,4.4,17,서울 종로구 종로16길 24 1층,02-737-7989,삼겹살,서울 명동
456,황토골,3.1,17,서울 중구 서애로 6-1,02-2263-1384,삼겹살,서울 명동
457,부여식품,4.9,14,서울 중구 을지로20길 32-5,02-2273-7790,삼겹살,서울 명동
458,우림정,4.3,11,서울 중구 세종대로11길 33-3,02-752-5939,삼겹살,서울 명동
459,덕수정,3.6,56,서울 중구 정동길 41,02-755-0180,삼겹살,서울 명동
460,소담집,3.1,12,서울 중구 서애로 16-6,02-2266-8450,삼겹살,서울 명동
461,종각한우,3.8,11,서울 종로구 종로9길 8 1층,02-733-5613,삼겹살,서울 명동
462,통일집,2.1,25,서울 중구 충무로 68-12,02-2273-0824,삼겹살,서울 명동
463,쇠고집,4.7,31,서울 종로구 인사동3길 5-2,010-4040-4940,삼겹살,서울 명동
464,안동네,3.8,12,서울 종로구 종로12길 22,,삼겹살,서울 명동
465,반갑다하대포,1.8,23,서울 종로구 종로9길 8,02-723-6699,삼겹살,서울 명동
466,제주아방,2.6,18,서울 중구 을지로18길 15 1층,02-745-4728,삼겹살,서울 명동
467,종로고기집 종로본점,3.3,52,서울 종로구 삼일대로19길 19,02-725-3244,삼겹살,서울 명동
468,죽마고돈,4.8,68,서울 종로구 삼일대로17길 42-4,02-737-9992,삼겹살,서울 명동
469,선비옥,2.9,16,서울 종로구 종로17길 32,,삼겹살,서울 명동
470,배터져숯불갈비,1.6,37,서울 종로구 수표로 114,02-766-9292,삼겹살,서울 명동
471,향촌식당,4.6,14,서울 중구 을지로19길 24-8,02-2285-1515,삼겹살,서울 명동
472,숭례회관,2.7,16,서울 중구 세종대로 13 2층,02-318-1219,삼겹살,서울 명동
473,싸립문을 밀고들어서니,3.7,18,서울 종로구 인사동길 15-11,02-735-5917,삼겹살,서울 명동
474,평양고깃집,4.5,32,서울 종로구 인사동5길 14 2층,070-4419-4999,삼겹살,서울 명동
475,봉탁항아리바베큐,4.8,274,서울 종로구 인사동길 13 2층,010-2568-5977,삼겹살,서울 명동
476,순천가,4.9,16,서울 종로구 수표로 109-2 1층,02-765-0398,삼겹살,서울 명동
477,해몽,4.7,15,서울 종로구 인사동길 15-5,02-735-4229,삼겹살,서울 명동
478,무교동낙지,2.9,18,서울 종로구 종로3길 30,02-720-3025,삼겹살,서울 명동
479,신도세기 종로구청점,1.5,12,서울 종로구 삼봉로 84 1층,02-733-0984,삼겹살,서울 명동
480,서가앤쿡 KTX서울역사점,2.2,54,서울 중구 한강대로 405,02-313-8670,삼겹살,서울 명동
481,종로집,2.9,15,서울 종로구 수표로 116,0507-1407-4307,삼겹살,서울 명동
482,참숯고깃골,4.0,15,서울 용산구 한강대로104길 78-1,02-779-8989,삼겹살,서울 명동
483,보건옥,3.7,35,서울 중구 창경궁로8길 12,02-2275-3743,삼겹살,서울 명동
484,남도식당,2.7,26,서울 종로구 종로3길 42,02-734-0719,삼겹살,서울 명동
485,광주집,2.2,47,서울 종로구 돈화문로11나길 3,02-764-3574,삼겹살,서울 명동
486,식껍 종로익선점,3.7,29,서울 종로구 돈화문로11길 38 경한빌딩 1층,02-766-8726,삼겹살,서울 명동
487,종삼육,4.1,23,서울 종로구 돈화문로11길 8-1,,삼겹살,서울 명동
488,노들집,2.7,18,서울 종로구 돈화문로11다길 14,02-745-9253,삼겹살,서울 명동
489,서대포집,3.5,24,서울 종로구 돈화문로11가길 9 1층,02-763-7752,삼겹살,서울 명동
490,고창집,2.9,14,서울 종로구 돈화문로11가길 7,,삼겹살,서울 명동
491,통돼지,3.6,17,서울 종로구 수표로28길 44,02-743-0683,삼겹살,서울 명동
492,최대감네,2.8,14,서울 종로구 인사동8길 12-3,02-733-9355,삼겹살,서울 명동
493,익선동목장,4.5,32,서울 종로구 돈화문로 53,02-742-4440,삼겹살,서울 명동
494,숙성의미껍데기 익선점,3.3,12,서울 종로구 돈화문로 53-1,02-554-9297,삼겹살,서울 명동
495,사랑방 참숯화로구이,4.4,23,서울 용산구 신흥로36길 4,02-774-5950,삼겹살,서울 명동
496,시집못간돼지 연탄구이,3.9,11,서울 용산구 한강대로 369-1,02-701-5512,삼겹살,서울 명동
497,서촌백년화로,4.7,12,서울 종로구 새문안로7길 20 1층,02-730-5709,삼겹살,서울 명동
498,수정갈비,4.1,14,서울 용산구 한강대로104길 24,02-754-5873,삼겹살,서울 명동
499,팔오삼,4.0,25,서울 종로구 인사동12길 16 1층,02-733-0853,삼겹살,서울 명동
500,신한양식당 중림동본점,4.7,12,서울 중구 서소문로6길 45 1층,02-364-6879,삼겹살,서울 명동
501,늘마중,3.7,12,서울 종로구 인사동10길 11-5 1층,02-730-2985,삼겹살,서울 명동
502,두툼,4.0,134,서울 중구 중림로 10 삼성사이버빌리지 3동 1층 105호,02-392-8592,삼겹살,서울 명동
503,광화문뚝감,4.0,117,서울 종로구 새문안로3길 21,02-722-5894,삼겹살,서울 명동
504,정감어린,2.9,18,서울 용산구 후암로 4,02-754-4389,삼겹살,서울 명동
505,송원,2.7,31,서울 중구 동호로24길 35-4,02-2275-3118,삼겹살,서울 명동
506,육회자매집 2호점,3.4,15,서울 종로구 종로 200-4 1층,02-2272-3069,삼겹살,서울 명동
507,형제육회 본점,3.2,38,서울 종로구 종로 200-1,02-2274-6509,삼겹살,서울 명동
508,풀그라운드 중림점,3.7,16,서울 중구 중림로 40 2층,02-365-9233,삼겹살,서울 명동
509,고기온,4.6,18,서울 중구 퇴계로 291 1층,02-2269-5993,삼겹살,서울 명동
510,남영돈,4.0,194,서울 용산구 한강대로80길 17 1층,02-793-3598,삼겹살,서울 명동
511,장수회관,3.8,12,서울 중구 정동길 12,02-755-6622,삼겹살,서울 명동
512,시미시미,2.9,13,서울 종로구 삼일대로30길 49 1층,,삼겹살,서울 명동
513,금돼지식당,3.8,263,서울 중구 다산로 149 1~3층,0507-1307-8750,삼겹살,서울 명동
514,쌍대포 본점,3.7,54,서울 용산구 청파로 291,02-707-1380,삼겹살,서울 명동
515,평원숯불갈비,3.9,34,서울 종로구 종로39길 29,02-745-2408,삼겹살,서울 명동
516,고궁의아침,3.7,55,서울 종로구 창경궁로 158,02-762-7620,삼겹살,서울 명동
517,광화문 고기집,4.2,22,서울 종로구 새문안로5가길 11,,삼겹살,서울 명동
518,두툼,4.0,134,서울 중구 중림로 10 삼성사이버빌리지 3동 1층 105호,02-392-8592,삼겹살,서울 명동
519,광화문뚝감,4.0,117,서울 종로구 새문안로3길 21,02-722-5894,삼겹살,서울 명동
520,정감어린,2.9,18,서울 용산구 후암로 4,02-754-4389,삼겹살,서울 명동
521,송원,2.7,31,서울 중구 동호로24길 35-4,02-2275-3118,삼겹살,서울 명동
522,육회자매집 2호점,3.4,15,서울 종로구 종로 200-4 1층,02-2272-3069,삼겹살,서울 명동
523,형제육회 본점,3.2,38,서울 종로구 종로 200-1,02-2274-6509,삼겹살,서울 명동
524,풀그라운드 중림점,3.7,16,서울 중구 중림로 40 2층,02-365-9233,삼겹살,서울 명동
525,고기온,4.6,18,서울 중구 퇴계로 291 1층,02-2269-5993,삼겹살,서울 명동
526,미쓰족발 명동점,2.6,16,서울 중구 명동3길 21 영빌딩 1층 1001호,,족발,서울 명동
527,장군보쌈족발,4.1,13,서울 중구 무교로 16,02-778-2496,족발,서울 명동
528,이남장 명동점,3.8,27,"서울 중구 명동9길 39 1, 2층",02-3789-4247,족발,서울 명동
529,동두천솥뚜껑삼겹살 강남역점,2.1,16,서울 강남구 테헤란로1길 20 2층,02-568-8896,삼겹살,서울 강남
530,강남수랏간,2.9,17,"서울 강남구 역삼로 410 1,2층",02-567-5123,삼겹살,서울 강남
531,행복추풍령칼삼겹살 압구정점,4.1,18,서울 강남구 도산대로51길 41,02-518-9996,삼겹살,서울 강남
532,순두부와삼겹살,3.8,12,서울 강남구 영동대로86길 10-7,02-542-9709,삼겹살,서울 강남
533,교대이층집 강남역점,3.3,38,서울 강남구 강남대로78길 14 2층,02-562-7113,삼겹살,서울 강남
534,신도세기 강남역점,3.7,47,서울 서초구 서초대로78길 22 홍우빌딩 3층,02-3471-7007,삼겹살,서울 강남
535,화기애애 강남점,3.2,27,서울 강남구 강남대로106길 12,02-508-6177,삼겹살,서울 강남
536,반갑다하대포 강남점,3.6,13,서울 강남구 역삼로3길 7,02-555-6823,삼겹살,서울 강남
537,무월식탁 강남본점,2.4,122,서울 강남구 강남대로102길 23 1층,02-552-9280,삼겹살,서울 강남
538,동달식당 강남본점,2.9,16,서울 서초구 서운로 133,02-3471-9700,삼겹살,서울 강남
539,봉우화로 강남본점,2.8,29,서울 강남구 봉은사로18길 76,02-558-8452,삼겹살,서울 강남
540,더막창스 강남본점,3.2,38,서울 서초구 서초대로77길 37 월드상가 106호,02-533-8592,삼겹살,서울 강남
541,고기꾼김춘배 강남점,3.8,41,서울 강남구 강남대로100길 13 3층,,삼겹살,서울 강남
542,통돼지네 강남점,4.2,26,서울 강남구 역삼로3길 17-5 1층,02-564-6649,삼겹살,서울 강남
543,인계동껍데기 강남점,2.7,32,"서울 서초구 서초대로73길 42 강남역리가스퀘어 101,102호",010-4006-9608,삼겹살,서울 강남
544,봉된장 강남점,3.7,15,서울 강남구 역삼동 826-38,02-555-5300,삼겹살,서울 강남
545,원조부안집 강남점,3.4,24,서울 강남구 강남대로96길 19 영우빌딩 2층,02-563-4792,삼겹살,서울 강남
546,푸에르코 강남점,2.5,15,서울 서초구 강남대로53길 8 스타크강남빌딩 2층,02-6246-0092,삼겹살,서울 강남
547,이층고깃집 강남구청역점,4.6,124,서울 강남구 선릉로129길 9-4 2층,02-6014-4615,삼겹살,서울 강남
548,이공족발 강남점,3.2,12,서울 강남구 강남대로106길 7 2층,02-558-2058,삼겹살,서울 강남
549,화로상회 강남논현점,3.6,18,서울 강남구 학동로2길 31 2층,02-540-8592,삼겹살,서울 강남
550,하남돼지집 강남역1호점,2.6,23,서울 서초구 서초대로73길 38,02-591-1253,삼겹살,서울 강남
551,대독장 강남점,3.4,15,서울 강남구 논현로85길 59 남곡빌딩 2층,02-552-7745,삼겹살,서울 강남
552,돌깨마을 맷돌순두부 강남점,3.2,21,서울 강남구 테헤란로4길 6 강남센트럴푸르지오시티 지하 2층,02-558-3356,삼겹살,서울 강남
553,돌리고제주도야지 강남자곡점,4.9,16,서울 강남구 자곡로 180 1층,02-449-0082,삼겹살,서울 강남
554,나주육곱식당 강남직영점,2.8,11,서울 강남구 선릉로92길 11 1층 101호,02-567-7210,삼겹살,서울 강남
555,하남돼지집 강남구청점,3.1,14,서울 강남구 선릉로 647 영광빌딩 1층,02-512-2292,삼겹살,서울 강남
556,육전식당 4호점,4.1,115,서울 강남구 테헤란로8길 11-4 1층,02-3452-6373,삼겹살,서울 강남
557,박가화로,4.6,26,서울 강남구 논현로 404,070-8118-8190,삼겹살,서울 강남
558,화떡,3.7,43,"서울 중구 명동4길 15 2,3층",02-772-9991,떡볶이,서울 명동
559,신세계떡볶이,3.8,115,서울 중구 명동9길 8-1 1층,02-778-1680,떡볶이,서울 명동
560,두끼떡볶이 명동점,3.3,16,서울 중구 명동10길 35-3 2층,02-318-1333,떡볶이,서울 명동
561,쉐프가만든떡볶이 파인에비뉴점,3.4,12,서울 중구 을지로 100 파인애비뉴 지하1층 9호,02-2277-7621,떡볶이,서울 명동
562,솜이네떡볶이,2.0,17,서울 중구 퇴계로42길 36 1층,02-2285-2478,떡볶이,서울 명동
563,또보겠지떡볶이집 몽글몽글청계점,4.2,27,서울 종로구 삼일대로19길 6,,떡볶이,서울 명동
564,맛보래즉석떡볶이,3.7,29,서울 종로구 인사동3길 9,02-720-4831,떡볶이,서울 명동
565,죠스떡볶이 종각점,2.2,32,서울 종로구 종로10길 5,02-720-1478,떡볶이,서울 명동
566,먹쉬돈나 종각점,3.0,14,서울 종로구 종로5길 7 타워8 지하1층,02-512-8089,떡볶이,서울 명동
567,꿈떡 꿈떡 종로 직영점,4.5,23,서울 종로구 종로 19 르메이에르빌딩 지하1층,02-722-7223,떡볶이,서울 명동
568,신전떡볶이 퇴계로점,2.1,15,서울 중구 퇴계로 247 2층,02-2273-8167,떡볶이,서울 명동
569,동대문엽기떡볶이 종각점,1.8,29,서울 종로구 삼봉로 100 2층,02-737-8592,떡볶이,서울 명동
570,빌라드스파이시 광화문D타워점,2.6,19,서울 종로구 종로3길 17 308호,02-2251-8388,떡볶이,서울 명동
571,허니즉석떡볶이 광화문본점,3.5,12,서울 종로구 새문안로 103-1 지하1층,02-723-5929,떡볶이,서울 명동
572,랑만궁떡,4.2,24,서울 종로구 삼일대로30길 42 1층,02-745-0008,떡볶이,서울 명동
573,철길떡볶이,2.8,105,서울 서대문구 충정로 35-6,02-364-3440,떡볶이,서울 명동
574,로뎀나무,3.9,33,서울 중구 정동길 2-2,02-755-5711,떡볶이,서울 명동
575,먹쉬돈나 삼청동점,2.7,65,서울 종로구 율곡로3길 74-7,02-723-8089,떡볶이,서울 명동
576,서울역철도떡볶이,4.0,24,서울 용산구 청파로93길 18-1,02-703-7222,떡볶이,서울 명동
577,강가네떡볶이,2.7,35,서울 종로구 종로32길 2 아케이트 101호,,떡볶이,서울 명동
578,진아네떡볶이,2.5,13,서울 중구 퇴계로56길 52 1층,02-2275-8078,떡볶이,서울 명동
579,와우신내떡,4.5,49,서울 용산구 청파로45길 12-1 1층,02-704-8485,떡볶이,서울 명동
580,마복림떡볶이,2.9,183,서울 중구 다산로35길 5 1층,02-2232-8930,떡볶이,서울 명동
581,원조짜장떡복이,3.0,42,서울 중구 동호로12길 96 1층,02-2231-6001,떡볶이,서울 명동
582,장충떡복이,3.5,11,서울 중구 퇴계로56길 55,02-2269-5678,떡볶이,서울 명동
583,아이러브신당동,2.3,83,서울 중구 퇴계로76길 50 성환빌딩 1층,02-2232-7872,떡볶이,서울 명동
584,두끼떡볶이 현대시티아울렛동대문점,1.7,21,서울 중구 장충단로13길 20 9층,02-2283-2906,떡볶이,서울 명동
585,우정,3.3,31,서울 중구 퇴계로76길 55 1층,02-2233-0669,떡볶이,서울 명동
586,동대문엽기떡볶이 서대문점,2.9,11,서울 서대문구 경기대로 90 1층,02-363-8592,떡볶이,서울 명동
587,청년다방 숙대입구점,2.5,13,서울 용산구 한강대로87길 6,02-714-5977,떡볶이,서울 명동
588,마복림할머니 막내아들네,2.8,36,서울 중구 다산로 221,02-2253-1466,떡볶이,서울 명동
589,달볶이 숙명여대점,3.7,27,서울 용산구 청파로47길 88,02-715-6137,떡볶이,서울 명동
590,베스트프렌드,4.2,11,서울 용산구 청파로47길 78 지하 1층,02-715-3379,떡볶이,서울 명동
591,신전떡볶이 숙대점,3.5,11,서울 용산구 청파로47길 25 1층,02-702-0107,떡볶이,서울 명동
592,신당동원조종점떡볶이,3.5,15,서울 중구 퇴계로76길 57,02-2234-3649,떡볶이,서울 명동
593,죠스떡볶이 경복궁점,2.8,14,서울 종로구 자하문로 15,02-720-4073,떡볶이,서울 명동
594,또와또 본점,4.4,16,서울 용산구 청파로47길 59 지하1층,02-716-6930,떡볶이,서울 명동
595,우리집떡볶이,2.8,12,서울 중구 다산로 217-1,02-2232-4531,떡볶이,서울 명동
596,모두랑 숙명여대점,4.5,11,서울 용산구 청파로47길 37-16 1층,02-6339-8892,떡볶이,서울 명동
597,쭝일아찌5단계 빨강떡볶이 숙대점,4.5,11,서울 용산구 청파로43길 29,02-703-3449,떡볶이,서울 명동
598,동대문엽기떡볶이 본점 홀매장,3.1,42,서울 중구 퇴계로75길 15 금호빌딩 1층,02-2234-8592,떡볶이,서울 명동
599,원조정할머니 기름떡볶이,3.2,34,서울 종로구 자하문로11길 40 통인시장,02-735-7289,떡볶이,서울 명동
600,버스컵떡볶이 숙대점,4.3,18,서울 용산구 청파로47다길 4 1층,02-318-3231,떡볶이,서울 명동
601,약수떡볶이,4.0,23,서울 중구 다산로8길 46,,떡볶이,서울 명동
602,갈현동할머니떡볶이 둘째네,2.3,11,서울 서대문구 영천시장길 32 영천시장 1층 B열 33호,02-312-1989,떡볶이,서울 명동
603,벚꽃길부엌,4.7,42,서울 종로구 필운대로 29,010-7155-8454,떡볶이,서울 명동
604,생각나서떡볶이,4.3,26,서울 용산구 백범로87길 40 1층,02-707-0607,떡볶이,서울 명동
605,코야코,3.2,17,서울 종로구 동숭길 68,02-763-8587,떡볶이,서울 명동
606,봉쥬떡볶이,4.8,69,서울 종로구 대명길 4 지하1층,02-745-3885,떡볶이,서울 명동
607,찐핵볶이,4.5,13,서울 중구 퇴계로74길 10 1층,02-6449-3800,떡볶이,서울 명동
608,청년다방 아현점,2.9,17,서울 마포구 굴레방로 13,02-393-4693,떡볶이,서울 명동
609,원조할머니떡볶이,2.0,41,서울 종로구 자하문로15길 18,02-725-4870,떡볶이,서울 명동
610,동대문엽기떡볶이 아현점,2.6,11,서울 마포구 굴레방로 11 1층,02-364-8592,떡볶이,서울 명동
611,동대문엽기떡볶이 대학로점,2.5,18,서울 종로구 대학로11길 32 1층,02-766-8592,떡볶이,서울 명동
612,두끼떡볶이 대학로점,4.3,15,서울 종로구 대학로10길 5 3층,,떡볶이,서울 명동
613,옥이모깻잎떡볶이,1.5,32,서울 종로구 대학로 123-1,070-8119-5668,떡볶이,서울 명동
614,석관동떡볶이 대학로점,2.0,25,서울 종로구 대명길 21-2 1층,02-742-0297,떡볶이,서울 명동
615,진미떡볶이,3.4,57,서울 중구 다산로38길 60 1층 103호,02-2252-5889,떡볶이,서울 명동
616,살롱드곱떡 대학로점,4.0,17,서울 종로구 대학로11길 40,02-764-7778,떡볶이,서울 명동
617,짱구떡볶이,4.4,13,서울 종로구 통일로 230 1층 22호,02-6956-7222,떡볶이,서울 명동
618,신전떡볶이 종로대학로점,2.3,16,서울 종로구 성균관로 15-1 1층,02-741-8588,떡볶이,서울 명동
619,우리할매떡볶이 경복궁점,4.6,17,서울 종로구 자하문로 84,02-722-3362,떡볶이,서울 명동
620,풍년쌀농산,3.3,124,서울 종로구 북촌로5가길 32,02-732-7081,떡볶이,서울 명동
621,창매떡볶이,3.5,11,서울 중구 다산로36길 53,02-3298-5015,떡볶이,서울 명동
622,명동교자 분점,2.8,175,서울 중구 명동10길 8,02-776-3424,떡볶이,서울 명동
623,명화당 명동1호점,3.5,84,서울 중구 명동4길 32 2층,,떡볶이,서울 명동
624,비어할레 을지점,4.5,14,서울 중구 을지로3길 34 산다빌딩 1층,02-777-7051,떡볶이,서울 명동
625,와인주막차차 명동점,3.9,11,서울 중구 삼일대로 343 대신파이낸스센터 2층,02-318-0937,떡볶이,서울 명동
626,명동얼큰수제비 본점,3.5,18,서울 중구 남대문로 64,02-752-7649,떡볶이,서울 명동
627,청담동마녀김밥,3.7,18,서울 중구 을지로 6,02-318-9890,떡볶이,서울 명동
628,마포만두 시청점,2.6,14,서울 중구 남대문로9길 51,02-755-5158,떡볶이,서울 명동
629,화담,4.2,11,서울 중구 을지로9길 14 삼원빌딩 3층,02-6925-5525,떡볶이,서울 명동
630,순심김밥,4.3,12,서울 중구 삼일대로12길 21 1층 106호,02-2279-1350,떡볶이,서울 명동
631,김밥천국 을지로입구역점,1.3,11,서울 중구 남대문로 116,02-733-0411,떡볶이,서울 명동
632,먹보대장 을지로점,2.0,13,"서울 중구 을지로 54-1 지하1층 57,59,70,72,74호",02-777-8077,떡볶이,서울 명동
633,뽀뽀치킨,2.6,12,서울 중구 퇴계로 68-1,,떡볶이,서울 명동
634,남산김밥,4.1,11,서울 중구 퇴계로 188 1층,02-2285-1880,떡볶이,서울 명동
635,라밥 남대문점,1.3,21,서울 중구 퇴계로10길 6,02-3789-5138,떡볶이,서울 명동
636,아트몬스터 을지로점,3.7,34,서울 중구 수표로 52 2층,02-2272-6110,떡볶이,서울 명동
637,가메골손왕만두 남대문본점,4.0,125,서울 중구 남대문시장4길 42,02-755-2569,떡볶이,서울 명동
638,을지로미팅룸,2.9,87,"서울 중구 을지로12길 19 2,3층",02-2261-0709,떡볶이,서울 명동
639,남대문야채호떡,3.1,21,서울 중구 남대문로 12,010-8247-4868,떡볶이,서울 명동
640,통통김밥 남대문시장점,3.9,49,서울 중구 남대문시장2가길 6-13 1층,02-3789-4834,떡볶이,서울 명동
641,브아브아,4.6,16,서울 중구 퇴계로 197 충무빌딩 지하1층,070-7788-7773,떡볶이,서울 명동
642,일단,3.0,13,서울 중구 을지로12길 25-1 1층,,떡볶이,서울 명동
643,전축,4.5,11,서울 중구 충무로 23 2층,0507-1323-6166,떡볶이,서울 명동
644,통통김밥 회현점,4.2,22,서울 중구 퇴계로2길 1 1층,02-3789-4833,떡볶이,서울 명동
645,소공소공,4.2,12,서울 중구 세종대로18길 16-5 2층,02-778-8833,떡볶이,서울 명동
646,MXL,3.5,11,서울 중구 충무로5길 18 1층,02-2269-1319,떡볶이,서울 명동
647,다시열린하얀집,3.8,26,서울 중구 서애로 12-20,,떡볶이,서울 명동
648,싸다김밥 시청역점,2.8,25,서울 중구 세종대로 64 해남빌딩 본관 1층 116호,02-3789-7775,떡볶이,서울 명동
649,놀숲 종로관철점,4.5,23,서울 종로구 삼일대로17길 8 대신빌딩 3층,02-730-2049,떡볶이,서울 명동
650,라튀순,4.6,11,서울 중구 퇴계로 34,02-755-9971,떡볶이,서울 명동
651,미도인 종로점,4.0,114,서울 종로구 종로 51 지하2층,02-720-5097,떡볶이,서울 명동
652,라밥 시청점,1.4,13,서울 중구 세종대로 76-1,02-777-3330,떡볶이,서울 명동
653,종로분식,2.7,29,서울 종로구 종로 30 1층,,떡볶이,서울 명동
654,만선호프4,1.1,77,서울 중구 충무로9길 14 1층,,떡볶이,서울 명동
655,지금여기가맨앞,3.7,39,서울 중구 을지로20길 16 3층,010-4108-3759,떡볶이,서울 명동
656,을지로삼발이,4.6,13,서울 중구 을지로20길 32-7 1층,02-2272-1607,떡볶이,서울 명동
657,생활맥주 종각점,3.2,14,서울 종로구 우정국로2길 37 1층,02-737-9665,떡볶이,서울 명동
658,을지로외계인,5.0,18,서울 중구 퇴계로41길 31 2층,010-5580-2370,떡볶이,서울 명동
659,이멜다분식,4.2,59,"서울 중구 청계천로 160 세운청계상가 3층 바열 315, 316호",02-2274-1114,떡볶이,서울 명동
660,명랑핫도그 종로3가점,3.3,29,서울 종로구 종로 112 1층,02-2274-7578,떡볶이,서울 명동
661,와인슈타인 청계천점,3.7,13,서울 종로구 삼일대로15길 26 2층,010-9649-0336,떡볶이,서울 명동
662,금화왕돈까스 종로3가점,2.6,48,서울 종로구 돈화문로 15 유성빌딩 1층,02-2272-9292,떡볶이,서울 명동
663,선비꼬마김밥 종각직영점,4.6,12,서울 종로구 종로 72-2,02-725-1258,떡볶이,서울 명동
664,산동만두,4.0,19,서울 용산구 후암로28길 10,02-3789-8285,떡볶이,서울 명동
665,뜰마루김밥전문점 종로본점,4.3,18,서울 종로구 삼일대로20길 13,02-2275-1778,떡볶이,서울 명동
666,삼숙이라면,2.2,39,서울 종로구 종로11길 30,,떡볶이,서울 명동
667,라밥 종로점,1.3,49,서울 종로구 종로 116,02-2272-5959,떡볶이,서울 명동
668,59계단 와인바,3.6,24,서울 중구 창경궁로5길 32 5층,0507-1331-2784,떡볶이,서울 명동
669,떡싸롱 인사동점,3.3,14,서울 종로구 인사동3길 16,02-725-9449,떡볶이,서울 명동
670,로라방앗간 광화문디타워점,2.8,14,서울 종로구 종로3길 17,02-2251-8190,떡볶이,서울 명동
671,미스터돈,4.1,17,서울 중구 퇴계로50길 41 1층,02-2275-2711,떡볶이,서울 명동
672,창화당 익선동점,3.4,109,서울 종로구 수표로28길 23,070-8825-0908,떡볶이,서울 명동
673,예술김밥 본점,4.1,17,서울 종로구 인사동5길 4 1층,02-733-2587,떡볶이,서울 명동
674,청담동 마녀김밥 이순신장군점,3.7,27,서울 종로구 새문안로 105 2층,02-730-1145,떡볶이,서울 명동
675,와인어피스,4.1,11,서울 중구 마른내로 113-1 2층,0507-1445-9495,떡볶이,서울 명동
676,남도분식 익선점,3.4,41,서울 종로구 수표로28길 33 1층,02-763-7778,떡볶이,서울 명동
677,리장수라운지,4.2,34,서울 종로구 수표로28길 17-15 1층,,떡볶이,서울 명동
678,마루자연식김밥,4.1,46,서울 종로구 인사동길 35-4 본관 1층 105호,02-2223-2565,떡볶이,서울 명동
679,7.8 1호점,4.4,66,서울 중구 창경궁로8길 22-7,,떡볶이,서울 명동
680,서울88맥주,4.2,15,서울 종로구 율곡로8길 102 가야빌딩 1층,02-744-4440,떡볶이,서울 명동
681,행아웃,3.1,14,서울 종로구 돈화문로11다길 29,02-744-3624,떡볶이,서울 명동
682,원조누드김밥,3.8,114,서울 종로구 창경궁로 88 광장시장 41호,,떡볶이,서울 명동
683,오븐에빠진닭 광화문점,2.3,14,서울 종로구 새문안로5길 5 1층,02-736-5892,떡볶이,서울 명동
684,익선문구사,2.7,12,서울 종로구 돈화문로11다길 26 1층,,떡볶이,서울 명동
685,생활맥주 광화문점,2.6,16,서울 종로구 새문안로5길 11-7 1층,02-735-9665,떡볶이,서울 명동
686,광화문한옥집,3.0,66,서울 종로구 새문안로5가길 7 세종클럽 지하 1층,02-731-2500,떡볶이,서울 명동
687,산첩첩 물첩첩,2.6,12,서울 중구 만리재로35길 47-1 1층,070-4200-0075,떡볶이,서울 명동
688,비스트로 한강쌀롱,2.9,13,서울 중구 만리재로 207-11 1층,070-4189-1698,떡볶이,서울 명동
689,잠수교집 2호점,3.9,73,서울 용산구 신흥로 37 1층,02-792-0434,떡볶이,서울 명동
690,풀그라운드 중림점,3.7,16,서울 중구 중림로 40 2층,02-365-9233,떡볶이,서울 명동
691,원조마약김밥,3.3,19,서울 종로구 창경궁로 88,02-2264-7668,떡볶이,서울 명동
692,방산분식,3.9,15,서울 중구 을지로35길 50,02-2265-8009,떡볶이,서울 명동
693,달막달막,4.1,15,서울 종로구 인사동16길 11-1,02-739-2220,떡볶이,서울 명동
694,아스론가,4.3,27,서울 중구 동호로34길 18 3층,070-8285-0078,떡볶이,서울 명동
695,샘,4.7,11,서울 중구 동호로34길 5,,떡볶이,서울 명동
696,교남김밥,3.3,71,서울 종로구 경교장길 35 경희궁자이3단지 상가 1층 3116호,02-723-2200,떡볶이,서울 명동
697,박가네빈대떡 2호점,3.4,29,서울 종로구 동호로 403-16,02-2275-0610,떡볶이,서울 명동
698,모던김밥,3.3,22,서울 종로구 자하문로2길 10,02-739-4930,떡볶이,서울 명동
699,까치네,3.6,29,서울 용산구 청파로45길 18,02-715-0806,떡볶이,서울 명동
700,우리하우스,2.9,17,서울 서대문구 충정로9길 16,02-392-6109,떡볶이,서울 명동
701,빚짜X이땔리방앗간 경복궁본점,3.7,39,서울 종로구 사직로 113,02-722-1832,떡볶이,서울 명동
702,순이네가게,3.4,13,서울 종로구 율곡로 67,02-765-7355,떡볶이,서울 명동
703,내자살롱,3.7,14,서울 종로구 사직로12길 22,02-722-9672,떡볶이,서울 명동
704,서울김밥,2.0,18,서울 종로구 새문안로3길 17,02-723-3391,떡볶이,서울 명동
705,서울바이닐,2.4,19,서울 용산구 신흥로 30 1층,02-6348-3110,떡볶이,서울 명동
706,소소라면,3.1,24,서울 용산구 한강대로 268-1 1층,02-749-4949,떡볶이,서울 명동
707,만나분식,3.4,43,서울 종로구 필운대로1길 4,010-8288-0937,떡볶이,서울 명동
708,7.8 안국점,4.5,28,서울 종로구 율곡로6길 27-5 1층,,떡볶이,서울 명동
709,토담,4.1,11,서울 용산구 청파로45길 37 지하 1층,02-701-9322,떡볶이,서울 명동
710,닭칼,4.0,23,서울 종로구 율곡로3길 64 2층,,떡볶이,서울 명동
711,밤피장,3.1,18,서울 용산구 한강대로80길 15 지하1층,02-797-6672,떡볶이,서울 명동
712,가든한밤,4.9,14,서울 용산구 두텁바위로1길 26 1층,,떡볶이,서울 명동
713,놀숲 숙대입구점,2.1,21,서울 용산구 청파로47길 52 명신프라자 지하1층,02-715-3995,떡볶이,서울 명동
714,피클피클익스프레스,4.0,21,서울 중구 을지로43길 38 1층,,떡볶이,서울 명동
715,싸다김밥 동대문점,1.5,17,서울 중구 장충단로 249-28 1층,02-2274-5273,떡볶이,서울 명동
716,김밥천국,2.1,17,서울 종로구 자하문로 3,02-736-1907,떡볶이,서울 명동
717,생활맥주 남영역점,3.3,12,서울 용산구 한강대로 266 1층,02-790-9660,떡볶이,서울 명동
718,자선네,1.0,21,서울 종로구 동호로 403-28 광장시장 동부A 65호,02-2263-2845,떡볶이,서울 명동
719,어거스트치킨 약수점,4.7,13,서울 중구 동호로12길 6 1층,02-2252-8292,떡볶이,서울 명동
720,사직터널 그집,4.6,14,서울 종로구 사직로 49-12 1층,0507-1349-8963,떡볶이,서울 명동
721,소소한행복,3.2,16,서울 종로구 율곡로3길 78,02-723-2800,떡볶이,서울 명동
722,부부식당,3.8,68,서울 종로구 동숭길 43,02-765-6056,떡볶이,서울 명동
723,김밥천국 약수점,1.7,12,서울 중구 다산로 129-1,02-2232-7739,떡볶이,서울 명동
724,선다래분식,3.6,11,서울 종로구 이화장길 14 1층,02-744-4620,떡볶이,서울 명동
725,라밥 숙대점,1.8,18,서울 용산구 한강대로 277-1,02-719-7878,떡볶이,서울 명동
726,송스키친 경복궁점,3.5,35,서울 종로구 필운대로 35-3,02-725-1713,떡볶이,서울 명동
727,세컨하우스,3.3,26,서울 중구 다산로20길 23 미진빌딩 1층,,떡볶이,서울 명동
728,슬기분식,2.4,21,서울 중구 동호로10길 17,02-2253-0302,떡볶이,서울 명동
729,창화당 대학로점,3.1,41,서울 종로구 창경궁로26길 39 1층,070-4285-9198,떡볶이,서울 명동
730,부부식당,3.8,68,서울 종로구 동숭길 43,02-765-6056,떡볶이,서울 명동
731,김밥천국 약수점,1.7,12,서울 중구 다산로 129-1,02-2232-7739,떡볶이,서울 명동
732,호또치킨 강남본점,2.8,14,서울 강남구 언주로93길 32-3 2층,02-555-0611,치킨,서울 강남
733,꼬꼬아찌숯불치킨 강남역점,3.4,19,서울 강남구 테헤란로1길 28-1 2층,02-554-9294,치킨,서울 강남
734,굽네치킨 강남세곡점,2.3,19,"서울 강남구 밤고개로 227 지상1층 105호,106호",02-6952-7494,치킨,서울 강남
735,깐부치킨 강남역플래티넘점,2.3,15,서울 강남구 강남대로78길 14,02-554-1117,치킨,서울 강남
736,BHC치킨 강남역삼점,3.1,14,서울 강남구 역삼로11길 7 1층,02-563-8868,치킨,서울 강남
737,성수누룽지통닭 강남점,4.8,11,서울 강남구 테헤란로4길 34 강남뉴스텔 1층 101호,02-563-5551,치킨,서울 강남
738,교촌치킨 서울논현1호점,2.1,32,서울 강남구 학동로2길 50 1층,02-540-2182,치킨,서울 강남
739,교촌치킨 강남역점,3.5,11,서울 강남구 강남대로98길 11 메트로빌딩 1층,02-596-1991,치킨,서울 강남
740,BHC치킨 강남반포점,2.3,15,서울 서초구 사평대로 353 1층,02-512-8488,치킨,서울 강남
741,교촌치킨 역삼1호점,2.5,32,서울 강남구 강남대로66길 16 1층,02-566-9942,치킨,서울 강남
742,꼬끼꼬끼치킨호프,1.8,14,서울 강남구 테헤란로4길 25,02-565-5687,치킨,서울 강남
743,롸카두들 내쉬빌 핫치킨 압구정점,4.5,81,서울 강남구 언주로164길 35-3 1층,02-3447-3456,치킨,서울 강남
744,교촌치킨 세곡점,4.0,51,서울 강남구 자곡로 101 레미안힐즈 상가635동 1층 103호,02-2226-1991,치킨,서울 강남
745,강남호프,3.9,11,서울 강남구 자곡로3길 21 강남힐스테이트 상가3동 1층 B207호,02-445-8488,치킨,서울 강남
746,BHC치킨 양재점,1.4,31,서울 강남구 논현로18길 10-14,02-577-8584,치킨,서울 강남
747,효도치킨 논현점,3.9,19,서울 강남구 도산대로46길 21 한진로즈힐아파트 101동 지1층 B120호,02-518-0628,치킨,서울 강남
748,교촌치킨 일원1동점,4.2,11,서울 강남구 일원로9길 48 1층,02-459-1006,치킨,서울 강남
749,교촌치킨 개포1호점,1.7,11,서울 강남구 논현로16길 5 보원빌딩 1층,02-573-5699,치킨,서울 강남
750,굽네치킨 개포4동점,1.8,15,서울 강남구 개포로20길 32,02-577-8294,치킨,서울 강남
751,교촌치킨 도곡점,4.1,15,서울 강남구 논현로38길 30 1층,02-6494-0103,치킨,서울 강남
752,BHC치킨 한티역점,1.7,22,서울 강남구 선릉로64길 11-5,02-561-3366,치킨,서울 강남
753,굽네치킨 역삼2동점,2.6,15,서울 강남구 도곡로27길 6 1층,02-566-9294,치킨,서울 강남
754,BHC치킨 일원점,3.5,11,서울 강남구 일원로3길 63,02-3411-9289,치킨,서울 강남
755,청년치킨 역삼점,4.3,14,서울 강남구 역삼로 133 1층,02-555-9158,치킨,서울 강남
756,성북동서울왕돈까스 논현동지점,3.5,11,서울 강남구 언주로125길 5,02-541-6702,치킨,서울 강남
757,교촌치킨 삼성1호점,2.2,19,서울 강남구 봉은사로 451,02-515-2399,치킨,서울 강남
758,깐부치킨 일원동점,4.5,13,서울 강남구 일원로9길 6,02-459-9233,치킨,서울 강남
759,별컵맥주 강남역점,4.8,23,서울 강남구 테헤란로4길 6 강남역센트럴푸르지오시티 1층 113호,02-552-8292,치킨,서울 강남
760,BHC치킨 삼성점,1.8,18,서울 강남구 영동대로 611 1~2층,02-6084-6330,치킨,서울 강남
761,굽네치킨 도곡2동점,1.7,15,서울 강남구 논현로34길 20 1층 101호,02-572-9294,치킨,서울 강남
762,BHC치킨 역삼스타점,4.3,12,서울 강남구 언주로99길 9,02-562-5858,치킨,서울 강남
763,교촌치킨 청담역점,3.4,11,"서울 강남구 학동로 513 진흥아파트상가 1층 5,6호",02-515-9995,치킨,서울 강남
764,교촌치킨 압구정신사점,1.4,28,서울 강남구 언주로172길 29 대성빌딩 1층 1호,02-547-9945,치킨,서울 강남
765,신사치킨클럽,4.2,31,서울 강남구 강남대로162길 40 1층,02-508-8855,치킨,서울 강남
766,깐부치킨 신사가로수점,3.8,11,서울 강남구 압구정로14길 12,02-3445-3344,치킨,서울 강남
767,가마치통닭 대모산역점,3.0,11,서울 강남구 영동대로 22 DH자이개포 827동 지하1층 S2B1-203호,02-459-9734,치킨,서울 강남
768,BHC치킨 압구정로데오점,3.4,13,서울 강남구 압구정로54길 14 1층,02-543-2262,치킨,서울 강남
769,아트몬스터 강남역점,3.8,47,"서울 강남구 테헤란로1길 28-3 1, 2층",02-6448-6110,치킨,서울 강남
770,미즈컨테이너 강남웨스트점,3.7,87,"서울 서초구 서초대로73길 9 타임빌딩 1,2층",,치킨,서울 강남
771,크래프트한스 강남직영점,2.6,14,서울 강남구 강남대로96길 12 원담빌딩 1층,02-562-3342,치킨,서울 강남
772,칠성룸포차 강남역점,1.8,21,서울 서초구 강남대로65길 10 3층,,치킨,서울 강남
773,바바인디아 강남역점,3.1,21,"서울 서초구 강남대로 359 대우도씨에빛2차 2층 201,202,213호",02-521-4588,치킨,서울 강남
774,큐브뮤직타운 강남점,2.1,15,서울 서초구 서초대로77길 58 트라이앤드빌딩 3~5층,02-534-7171,치킨,서울 강남
775,슈퍼두퍼버거 강남점,3.7,47,"서울 서초구 강남대로 463 리젠타워 1,2층 101,201,202호",02-336-5576,치킨,서울 강남
776,오븐에빠진닭 강남2호점,2.0,11,서울 강남구 강남대로96길 16,02-555-5892,치킨,서울 강남
777,윙스탑 강남점,3.4,16,서울 강남구 봉은사로2길 20,,치킨,서울 강남
778,버거스올마이티 강남역점,4.1,58,서울 강남구 봉은사로2길 31 B102호,,치킨,서울 강남
779,역전할머니맥주 서울신논현점,2.2,16,서울 강남구 봉은사로1길 38,,치킨,서울 강남
780,탄탄면공방 강남점,4.1,49,서울 강남구 테헤란로4길 40 신소애빌딩 1층,02-563-2229,치킨,서울 강남
781,맘스터치 강남역점,2.2,25,서울 강남구 강남대로100길 10 2층,02-567-4802,치킨,서울 강남
782,꾼노리 강남역점,1.1,11,"서울 서초구 서초대로77길 29 수호빌딩 3, 4층",,치킨,서울 강남
783,역전할머니맥주 강남역CGV점,1.3,34,서울 강남구 테헤란로1길 28-6 1층,02-554-8164,치킨,서울 강남
784,아메리칸피자 강남논현점,5.0,11,서울 강남구 강남대로114길 20,02-543-5244,치킨,서울 강남
785,맘스터치 강남선릉점,3.1,19,서울 강남구 선릉로93길 32,02-568-7988,치킨,서울 강남
786,BBQ 강남수서점,3.3,14,서울 강남구 밤고개로1길 10 수서현대벤쳐빌 1164호,02-2040-7922,치킨,서울 강남
787,맘스터치 강남논현점,1.9,44,서울 강남구 강남대로120길 47,02-3446-7776,치킨,서울 강남
788,샤이바나 강남358타워점,1.6,14,서울 강남구 강남대로 358 2층,02-558-4281,치킨,서울 강남
789,맘스터치 강남압구정점,1.4,12,서울 강남구 논현로175길 18,02-540-5180,치킨,서울 강남
790,분식이이래도되는가 강남신사점,3.7,11,서울 강남구 논현로151길 52 1층,02-3445-1985,치킨,서울 강남
791,BBQ 대치본점,2.3,14,서울 강남구 삼성로 151 선경아파트 상가 1층 101호,02-538-9282,치킨,서울 강남
792,BBQ 삼성점,1.3,21,서울 강남구 봉은사로61길 17 1층,02-553-0092,치킨,서울 강남
